"var_yr","var_scope","var_grade","var_key","var_schoolType","var_ethnic","population","var_type","metrics_new"
2021,"usa","k8_4th","cs_classOffered","allSchools","all","0.0038","prob","2021___usa___k8_4th___cs_classOffered___allSchools___all"
2021,"usa","k8_4th","cs_classOffered","allSchools","black_hispanic","0.0061","prob","2021___usa___k8_4th___cs_classOffered___allSchools___black_hispanic"
2021,"usa","k8_4th","cs_classOffered","allSchools","white_asian","0.0079","prob","2021___usa___k8_4th___cs_classOffered___allSchools___white_asian"
2021,"usa","k8_4th","cs_classOffered","allSchools","black","0.0026","prob","2021___usa___k8_4th___cs_classOffered___allSchools___black"
2021,"usa","k8_4th","cs_classOffered","allSchools","hispanic","0.0035","prob","2021___usa___k8_4th___cs_classOffered___allSchools___hispanic"
2021,"usa","k8_4th","cs_classOffered","allSchools","white","0.0036","prob","2021___usa___k8_4th___cs_classOffered___allSchools___white"
2021,"usa","k8_4th","cs_classOffered","allSchools","asian","0.0043","prob","2021___usa___k8_4th___cs_classOffered___allSchools___asian"
2021,"usa","k8_5to8th","cs_interested","allSchools","all","0.0053","prob","2021___usa___k8_5to8th___cs_interested___allSchools___all"
2021,"usa","k8_5to8th","cs_interested","allSchools","black_hispanic","0.0103","prob","2021___usa___k8_5to8th___cs_interested___allSchools___black_hispanic"
2021,"usa","k8_5to8th","cs_interested","allSchools","white_asian","0.0115","prob","2021___usa___k8_5to8th___cs_interested___allSchools___white_asian"
2021,"usa","k8_5to8th","cs_interested","allSchools","black","0.0051","prob","2021___usa___k8_5to8th___cs_interested___allSchools___black"
2021,"usa","k8_5to8th","cs_interested","allSchools","hispanic","0.0052","prob","2021___usa___k8_5to8th___cs_interested___allSchools___hispanic"
2021,"usa","k8_5to8th","cs_interested","allSchools","white","0.0054","prob","2021___usa___k8_5to8th___cs_interested___allSchools___white"
2021,"usa","k8_5to8th","cs_interested","allSchools","asian","0.0061","prob","2021___usa___k8_5to8th___cs_interested___allSchools___asian"
2021,"usa","hs","cs_interested","allSchools","all","0.0069","prob","2021___usa___hs___cs_interested___allSchools___all"
2021,"usa","hs","cs_interested","allSchools","black_hispanic","0.0135","prob","2021___usa___hs___cs_interested___allSchools___black_hispanic"
2021,"usa","hs","cs_interested","allSchools","white_asian","0.0149","prob","2021___usa___hs___cs_interested___allSchools___white_asian"
2021,"usa","hs","cs_interested","allSchools","black","0.0067","prob","2021___usa___hs___cs_interested___allSchools___black"
2021,"usa","hs","cs_interested","allSchools","hispanic","0.0068","prob","2021___usa___hs___cs_interested___allSchools___hispanic"
2021,"usa","hs","cs_interested","allSchools","white","0.007","prob","2021___usa___hs___cs_interested___allSchools___white"
2021,"usa","hs","cs_interested","allSchools","asian","0.0079","prob","2021___usa___hs___cs_interested___allSchools___asian"
2021,"usa","hs","cs_classOffered","allSchools","all","0.0078","prob","2021___usa___hs___cs_classOffered___allSchools___all"
2021,"usa","hs","cs_classOffered","allSchools","black_hispanic","0.0149","prob","2021___usa___hs___cs_classOffered___allSchools___black_hispanic"
2021,"usa","hs","cs_classOffered","allSchools","white_asian","0.0168","prob","2021___usa___hs___cs_classOffered___allSchools___white_asian"
2021,"usa","hs","cs_classOffered","allSchools","black","0.0073","prob","2021___usa___hs___cs_classOffered___allSchools___black"
2021,"usa","hs","cs_classOffered","allSchools","hispanic","0.0076","prob","2021___usa___hs___cs_classOffered___allSchools___hispanic"
2021,"usa","hs","cs_classOffered","allSchools","white","0.0079","prob","2021___usa___hs___cs_classOffered___allSchools___white"
2021,"usa","hs","cs_classOffered","allSchools","asian","0.0089","prob","2021___usa___hs___cs_classOffered___allSchools___asian"
2021,"college","col","t3_mellon_cs_enrol","allSchools","all","600","count","2021___college___col___t3_mellon_cs_enrol___allSchools___all"
2021,"college","col","t3_mellon_cs_enrol","allSchools","black_hispanic","71","count","2021___college___col___t3_mellon_cs_enrol___allSchools___black_hispanic"
2021,"college","col","t3_mellon_cs_enrol","allSchools","white_asian","529","count","2021___college___col___t3_mellon_cs_enrol___allSchools___white_asian"
2021,"college","col","t3_mellon_cs_enrol","allSchools","black","18","count","2021___college___col___t3_mellon_cs_enrol___allSchools___black"
2021,"college","col","t3_mellon_cs_enrol","allSchools","hispanic","53","count","2021___college___col___t3_mellon_cs_enrol___allSchools___hispanic"
2021,"college","col","t3_mellon_cs_enrol","allSchools","white","168","count","2021___college___col___t3_mellon_cs_enrol___allSchools___white"
2021,"college","col","t3_mellon_cs_enrol","allSchools","asian","361","count","2021___college___col___t3_mellon_cs_enrol___allSchools___asian"
2021,"college","col","t3_stanford_cs_enrol","allSchools","all","698","count","2021___college___col___t3_stanford_cs_enrol___allSchools___all"
2021,"college","col","t3_stanford_cs_enrol","allSchools","black_hispanic","109","count","2021___college___col___t3_stanford_cs_enrol___allSchools___black_hispanic"
2021,"college","col","t3_stanford_cs_enrol","allSchools","white_asian","589","count","2021___college___col___t3_stanford_cs_enrol___allSchools___white_asian"
2021,"college","col","t3_stanford_cs_enrol","allSchools","black","43","count","2021___college___col___t3_stanford_cs_enrol___allSchools___black"
2021,"college","col","t3_stanford_cs_enrol","allSchools","hispanic","66","count","2021___college___col___t3_stanford_cs_enrol___allSchools___hispanic"
2021,"college","col","t3_stanford_cs_enrol","allSchools","white","265","count","2021___college___col___t3_stanford_cs_enrol___allSchools___white"
2021,"college","col","t3_stanford_cs_enrol","allSchools","asian","324","count","2021___college___col___t3_stanford_cs_enrol___allSchools___asian"
2021,"state_il","col","t3_cs_confer","allSchools","all","721","count","2021___state_il___col___t3_cs_confer___allSchools___all"
2021,"state_il","col","t3_cs_confer","allSchools","black_hispanic","84","count","2021___state_il___col___t3_cs_confer___allSchools___black_hispanic"
2021,"state_il","col","t3_cs_confer","allSchools","white_asian","637","count","2021___state_il___col___t3_cs_confer___allSchools___white_asian"
2021,"state_il","col","t3_cs_confer","allSchools","black","19","count","2021___state_il___col___t3_cs_confer___allSchools___black"
2021,"state_il","col","t3_cs_confer","allSchools","hispanic","65","count","2021___state_il___col___t3_cs_confer___allSchools___hispanic"
2021,"state_il","col","t3_cs_confer","allSchools","white","261","count","2021___state_il___col___t3_cs_confer___allSchools___white"
2021,"state_il","col","t3_cs_confer","allSchools","asian","376","count","2021___state_il___col___t3_cs_confer___allSchools___asian"
2021,"city_chi","hs","sat_math_exceeds","cps","all","1025","count","2021___city_chi___hs___sat_math_exceeds___cps___all"
2021,"city_chi","hs","sat_math_exceeds","cps","black_hispanic","261","count","2021___city_chi___hs___sat_math_exceeds___cps___black_hispanic"
2021,"city_chi","hs","sat_math_exceeds","cps","white_asian","764","count","2021___city_chi___hs___sat_math_exceeds___cps___white_asian"
2021,"city_chi","hs","sat_math_exceeds","cps","black","55","count","2021___city_chi___hs___sat_math_exceeds___cps___black"
2021,"city_chi","hs","sat_math_exceeds","cps","hispanic","206","count","2021___city_chi___hs___sat_math_exceeds___cps___hispanic"
2021,"city_chi","hs","sat_math_exceeds","cps","white","508","count","2021___city_chi___hs___sat_math_exceeds___cps___white"
2021,"city_chi","hs","sat_math_exceeds","cps","asian","256","count","2021___city_chi___hs___sat_math_exceeds___cps___asian"
2021,"usa","col","t3_cs_confer","allSchools","all","1031","count","2021___usa___col___t3_cs_confer___allSchools___all"
2021,"usa","col","t3_cs_confer","allSchools","black_hispanic","169","count","2021___usa___col___t3_cs_confer___allSchools___black_hispanic"
2021,"usa","col","t3_cs_confer","allSchools","white_asian","862","count","2021___usa___col___t3_cs_confer___allSchools___white_asian"
2021,"usa","col","t3_cs_confer","allSchools","black","41","count","2021___usa___col___t3_cs_confer___allSchools___black"
2021,"usa","col","t3_cs_confer","allSchools","hispanic","128","count","2021___usa___col___t3_cs_confer___allSchools___hispanic"
2021,"usa","col","t3_cs_confer","allSchools","white","486","count","2021___usa___col___t3_cs_confer___allSchools___white"
2021,"usa","col","t3_cs_confer","allSchools","asian","376","count","2021___usa___col___t3_cs_confer___allSchools___asian"
2021,"college","col","t3_mit_cs_enrol","allSchools","all","1257","count","2021___college___col___t3_mit_cs_enrol___allSchools___all"
2021,"college","col","t3_mit_cs_enrol","allSchools","black_hispanic","301","count","2021___college___col___t3_mit_cs_enrol___allSchools___black_hispanic"
2021,"college","col","t3_mit_cs_enrol","allSchools","white_asian","956","count","2021___college___col___t3_mit_cs_enrol___allSchools___white_asian"
2021,"college","col","t3_mit_cs_enrol","allSchools","black","75","count","2021___college___col___t3_mit_cs_enrol___allSchools___black"
2021,"college","col","t3_mit_cs_enrol","allSchools","hispanic","226","count","2021___college___col___t3_mit_cs_enrol___allSchools___hispanic"
2021,"college","col","t3_mit_cs_enrol","allSchools","white","390","count","2021___college___col___t3_mit_cs_enrol___allSchools___white"
2021,"college","col","t3_mit_cs_enrol","allSchools","asian","566","count","2021___college___col___t3_mit_cs_enrol___allSchools___asian"
2021,"city_chi","k8_4th","math_advc","cps","all","1429","count","2021___city_chi___k8_4th___math_advc___cps___all"
2021,"city_chi","k8_4th","math_advc","cps","black_hispanic","582","count","2021___city_chi___k8_4th___math_advc___cps___black_hispanic"
2021,"city_chi","k8_4th","math_advc","cps","white_asian","847","count","2021___city_chi___k8_4th___math_advc___cps___white_asian"
2021,"city_chi","k8_4th","math_advc","cps","black","166","count","2021___city_chi___k8_4th___math_advc___cps___black"
2021,"city_chi","k8_4th","math_advc","cps","hispanic","416","count","2021___city_chi___k8_4th___math_advc___cps___hispanic"
2021,"city_chi","k8_4th","math_advc","cps","white","500","count","2021___city_chi___k8_4th___math_advc___cps___white"
2021,"city_chi","k8_4th","math_advc","cps","asian","347","count","2021___city_chi___k8_4th___math_advc___cps___asian"
2021,"city_chi","k8_8th","math_advc","cps","all","1882","count","2021___city_chi___k8_8th___math_advc___cps___all"
2021,"city_chi","k8_8th","math_advc","cps","black_hispanic","938","count","2021___city_chi___k8_8th___math_advc___cps___black_hispanic"
2021,"city_chi","k8_8th","math_advc","cps","white_asian","944","count","2021___city_chi___k8_8th___math_advc___cps___white_asian"
2021,"city_chi","k8_8th","math_advc","cps","black","188","count","2021___city_chi___k8_8th___math_advc___cps___black"
2021,"city_chi","k8_8th","math_advc","cps","hispanic","750","count","2021___city_chi___k8_8th___math_advc___cps___hispanic"
2021,"city_chi","k8_8th","math_advc","cps","white","565","count","2021___city_chi___k8_8th___math_advc___cps___white"
2021,"city_chi","k8_8th","math_advc","cps","asian","379","count","2021___city_chi___k8_8th___math_advc___cps___asian"
2021,"usa","col","t3_cs_enrol","allSchools","all","2555","count","2021___usa___col___t3_cs_enrol___allSchools___all"
2021,"usa","col","t3_cs_enrol","allSchools","black_hispanic","481","count","2021___usa___col___t3_cs_enrol___allSchools___black_hispanic"
2021,"usa","col","t3_cs_enrol","allSchools","white_asian","2074","count","2021___usa___col___t3_cs_enrol___allSchools___white_asian"
2021,"usa","col","t3_cs_enrol","allSchools","black","136","count","2021___usa___col___t3_cs_enrol___allSchools___black"
2021,"usa","col","t3_cs_enrol","allSchools","hispanic","345","count","2021___usa___col___t3_cs_enrol___allSchools___hispanic"
2021,"usa","col","t3_cs_enrol","allSchools","white","823","count","2021___usa___col___t3_cs_enrol___allSchools___white"
2021,"usa","col","t3_cs_enrol","allSchools","asian","1251","count","2021___usa___col___t3_cs_enrol___allSchools___asian"
2021,"state_il","col","cs_confer","allSchools","all","2953","count","2021___state_il___col___cs_confer___allSchools___all"
2021,"state_il","col","cs_confer","allSchools","black_hispanic","642","count","2021___state_il___col___cs_confer___allSchools___black_hispanic"
2021,"state_il","col","cs_confer","allSchools","white_asian","2311","count","2021___state_il___col___cs_confer___allSchools___white_asian"
2021,"state_il","col","cs_confer","allSchools","black","193","count","2021___state_il___col___cs_confer___allSchools___black"
2021,"state_il","col","cs_confer","allSchools","hispanic","449","count","2021___state_il___col___cs_confer___allSchools___hispanic"
2021,"state_il","col","cs_confer","allSchools","white","1439","count","2021___state_il___col___cs_confer___allSchools___white"
2021,"state_il","col","cs_confer","allSchools","asian","872","count","2021___state_il___col___cs_confer___allSchools___asian"
2021,"state_il","col","t3_cs_enrol","allSchools","all","3204","count","2021___state_il___col___t3_cs_enrol___allSchools___all"
2021,"state_il","col","t3_cs_enrol","allSchools","black_hispanic","380","count","2021___state_il___col___t3_cs_enrol___allSchools___black_hispanic"
2021,"state_il","col","t3_cs_enrol","allSchools","white_asian","2824","count","2021___state_il___col___t3_cs_enrol___allSchools___white_asian"
2021,"state_il","col","t3_cs_enrol","allSchools","black","97","count","2021___state_il___col___t3_cs_enrol___allSchools___black"
2021,"state_il","col","t3_cs_enrol","allSchools","hispanic","283","count","2021___state_il___col___t3_cs_enrol___allSchools___hispanic"
2021,"state_il","col","t3_cs_enrol","allSchools","white","983","count","2021___state_il___col___t3_cs_enrol___allSchools___white"
2021,"state_il","col","t3_cs_enrol","allSchools","asian","1841","count","2021___state_il___col___t3_cs_enrol___allSchools___asian"
2021,"usa","col","t3_confer","allSchools","all","3487","count","2021___usa___col___t3_confer___allSchools___all"
2021,"usa","col","t3_confer","allSchools","black_hispanic","792","count","2021___usa___col___t3_confer___allSchools___black_hispanic"
2021,"usa","col","t3_confer","allSchools","white_asian","2695","count","2021___usa___col___t3_confer___allSchools___white_asian"
2021,"usa","col","t3_confer","allSchools","black","231","count","2021___usa___col___t3_confer___allSchools___black"
2021,"usa","col","t3_confer","allSchools","hispanic","561","count","2021___usa___col___t3_confer___allSchools___hispanic"
2021,"usa","col","t3_confer","allSchools","white","1541","count","2021___usa___col___t3_confer___allSchools___white"
2021,"usa","col","t3_confer","allSchools","asian","1154","count","2021___usa___col___t3_confer___allSchools___asian"
2021,"college","col","t3_mit_total_enrol","allSchools","all","4156","count","2021___college___col___t3_mit_total_enrol___allSchools___all"
2021,"college","col","t3_mit_total_enrol","allSchools","black_hispanic","1038","count","2021___college___col___t3_mit_total_enrol___allSchools___black_hispanic"
2021,"college","col","t3_mit_total_enrol","allSchools","white_asian","3118","count","2021___college___col___t3_mit_total_enrol___allSchools___white_asian"
2021,"college","col","t3_mit_total_enrol","allSchools","black","336","count","2021___college___col___t3_mit_total_enrol___allSchools___black"
2021,"college","col","t3_mit_total_enrol","allSchools","hispanic","702","count","2021___college___col___t3_mit_total_enrol___allSchools___hispanic"
2021,"college","col","t3_mit_total_enrol","allSchools","white","1582","count","2021___college___col___t3_mit_total_enrol___allSchools___white"
2021,"college","col","t3_mit_total_enrol","allSchools","asian","1536","count","2021___college___col___t3_mit_total_enrol___allSchools___asian"
2021,"college","col","t3_mellon_total_enrol","allSchools","all","4814","count","2021___college___col___t3_mellon_total_enrol___allSchools___all"
2021,"college","col","t3_mellon_total_enrol","allSchools","black_hispanic","866","count","2021___college___col___t3_mellon_total_enrol___allSchools___black_hispanic"
2021,"college","col","t3_mellon_total_enrol","allSchools","white_asian","3948","count","2021___college___col___t3_mellon_total_enrol___allSchools___white_asian"
2021,"college","col","t3_mellon_total_enrol","allSchools","black","255","count","2021___college___col___t3_mellon_total_enrol___allSchools___black"
2021,"college","col","t3_mellon_total_enrol","allSchools","hispanic","611","count","2021___college___col___t3_mellon_total_enrol___allSchools___hispanic"
2021,"college","col","t3_mellon_total_enrol","allSchools","white","1661","count","2021___college___col___t3_mellon_total_enrol___allSchools___white"
2021,"college","col","t3_mellon_total_enrol","allSchools","asian","2287","count","2021___college___col___t3_mellon_total_enrol___allSchools___asian"
2021,"city_chi","k8_8th","math_prof","cps","all","5064","count","2021___city_chi___k8_8th___math_prof___cps___all"
2021,"city_chi","k8_8th","math_prof","cps","black_hispanic","3844","count","2021___city_chi___k8_8th___math_prof___cps___black_hispanic"
2021,"city_chi","k8_8th","math_prof","cps","white_asian","1220","count","2021___city_chi___k8_8th___math_prof___cps___white_asian"
2021,"city_chi","k8_8th","math_prof","cps","black","1219","count","2021___city_chi___k8_8th___math_prof___cps___black"
2021,"city_chi","k8_8th","math_prof","cps","hispanic","2625","count","2021___city_chi___k8_8th___math_prof___cps___hispanic"
2021,"city_chi","k8_8th","math_prof","cps","white","872","count","2021___city_chi___k8_8th___math_prof___cps___white"
2021,"city_chi","k8_8th","math_prof","cps","asian","348","count","2021___city_chi___k8_8th___math_prof___cps___asian"
2021,"city_chi","hs","sat_math_meet&exceeds","cps","all","5081","count","2021___city_chi___hs___sat_math_meet&exceeds___cps___all"
2021,"city_chi","hs","sat_math_meet&exceeds","cps","black_hispanic","3058","count","2021___city_chi___hs___sat_math_meet&exceeds___cps___black_hispanic"
2021,"city_chi","hs","sat_math_meet&exceeds","cps","white_asian","2023","count","2021___city_chi___hs___sat_math_meet&exceeds___cps___white_asian"
2021,"city_chi","hs","sat_math_meet&exceeds","cps","black","888","count","2021___city_chi___hs___sat_math_meet&exceeds___cps___black"
2021,"city_chi","hs","sat_math_meet&exceeds","cps","hispanic","2170","count","2021___city_chi___hs___sat_math_meet&exceeds___cps___hispanic"
2021,"city_chi","hs","sat_math_meet&exceeds","cps","white","1449","count","2021___city_chi___hs___sat_math_meet&exceeds___cps___white"
2021,"city_chi","hs","sat_math_meet&exceeds","cps","asian","574","count","2021___city_chi___hs___sat_math_meet&exceeds___cps___asian"
2021,"city_chi","k8_4th","math_prof","cps","all","5481","count","2021___city_chi___k8_4th___math_prof___cps___all"
2021,"city_chi","k8_4th","math_prof","cps","black_hispanic","3922","count","2021___city_chi___k8_4th___math_prof___cps___black_hispanic"
2021,"city_chi","k8_4th","math_prof","cps","white_asian","1559","count","2021___city_chi___k8_4th___math_prof___cps___white_asian"
2021,"city_chi","k8_4th","math_prof","cps","black","1324","count","2021___city_chi___k8_4th___math_prof___cps___black"
2021,"city_chi","k8_4th","math_prof","cps","hispanic","2598","count","2021___city_chi___k8_4th___math_prof___cps___hispanic"
2021,"city_chi","k8_4th","math_prof","cps","white","1125","count","2021___city_chi___k8_4th___math_prof___cps___white"
2021,"city_chi","k8_4th","math_prof","cps","asian","434","count","2021___city_chi___k8_4th___math_prof___cps___asian"
2021,"region_chi_msa","emp","csjob_t11_age19to24","allSchools","all","5518","count","2021___region_chi_msa___emp___csjob_t11_age19to24___allSchools___all"
2021,"region_chi_msa","emp","csjob_t11_age19to24","allSchools","black_hispanic","797","count","2021___region_chi_msa___emp___csjob_t11_age19to24___allSchools___black_hispanic"
2021,"region_chi_msa","emp","csjob_t11_age19to24","allSchools","white_asian","4721","count","2021___region_chi_msa___emp___csjob_t11_age19to24___allSchools___white_asian"
2021,"region_chi_msa","emp","csjob_t11_age19to24","allSchools","black","385","count","2021___region_chi_msa___emp___csjob_t11_age19to24___allSchools___black"
2021,"region_chi_msa","emp","csjob_t11_age19to24","allSchools","hispanic","412","count","2021___region_chi_msa___emp___csjob_t11_age19to24___allSchools___hispanic"
2021,"region_chi_msa","emp","csjob_t11_age19to24","allSchools","white","3228","count","2021___region_chi_msa___emp___csjob_t11_age19to24___allSchools___white"
2021,"region_chi_msa","emp","csjob_t11_age19to24","allSchools","asian","1493","count","2021___region_chi_msa___emp___csjob_t11_age19to24___allSchools___asian"
2021,"state_il","hs","apcs_pass","allSchools","all","5720","count","2021___state_il___hs___apcs_pass___allSchools___all"
2021,"state_il","hs","apcs_pass","allSchools","black_hispanic","1087","count","2021___state_il___hs___apcs_pass___allSchools___black_hispanic"
2021,"state_il","hs","apcs_pass","allSchools","white_asian","4633","count","2021___state_il___hs___apcs_pass___allSchools___white_asian"
2021,"state_il","hs","apcs_pass","allSchools","black","179","count","2021___state_il___hs___apcs_pass___allSchools___black"
2021,"state_il","hs","apcs_pass","allSchools","hispanic","908","count","2021___state_il___hs___apcs_pass___allSchools___hispanic"
2021,"state_il","hs","apcs_pass","allSchools","white","2868","count","2021___state_il___hs___apcs_pass___allSchools___white"
2021,"state_il","hs","apcs_pass","allSchools","asian","1765","count","2021___state_il___hs___apcs_pass___allSchools___asian"
2021,"college","col","t3_stanford_total_enrol","allSchools","all","5963","count","2021___college___col___t3_stanford_total_enrol___allSchools___all"
2021,"college","col","t3_stanford_total_enrol","allSchools","black_hispanic","1911","count","2021___college___col___t3_stanford_total_enrol___allSchools___black_hispanic"
2021,"college","col","t3_stanford_total_enrol","allSchools","white_asian","4052","count","2021___college___col___t3_stanford_total_enrol___allSchools___white_asian"
2021,"college","col","t3_stanford_total_enrol","allSchools","black","535","count","2021___college___col___t3_stanford_total_enrol___allSchools___black"
2021,"college","col","t3_stanford_total_enrol","allSchools","hispanic","1376","count","2021___college___col___t3_stanford_total_enrol___allSchools___hispanic"
2021,"college","col","t3_stanford_total_enrol","allSchools","white","1911","count","2021___college___col___t3_stanford_total_enrol___allSchools___white"
2021,"college","col","t3_stanford_total_enrol","allSchools","asian","2141","count","2021___college___col___t3_stanford_total_enrol___allSchools___asian"
2021,"city_chi","k8_4th","math_belowBasic","cps","all","6169","count","2021___city_chi___k8_4th___math_belowBasic___cps___all"
2021,"city_chi","k8_4th","math_belowBasic","cps","black_hispanic","5929","count","2021___city_chi___k8_4th___math_belowBasic___cps___black_hispanic"
2021,"city_chi","k8_4th","math_belowBasic","cps","white_asian","240","count","2021___city_chi___k8_4th___math_belowBasic___cps___white_asian"
2021,"city_chi","k8_4th","math_belowBasic","cps","black","3227","count","2021___city_chi___k8_4th___math_belowBasic___cps___black"
2021,"city_chi","k8_4th","math_belowBasic","cps","hispanic","2702","count","2021___city_chi___k8_4th___math_belowBasic___cps___hispanic"
2021,"city_chi","k8_4th","math_belowBasic","cps","white","175","count","2021___city_chi___k8_4th___math_belowBasic___cps___white"
2021,"city_chi","k8_4th","math_belowBasic","cps","asian","65","count","2021___city_chi___k8_4th___math_belowBasic___cps___asian"
2021,"state_il","hs","apcs_enrol","allSchools","all","7667","count","2021___state_il___hs___apcs_enrol___allSchools___all"
2021,"state_il","hs","apcs_enrol","allSchools","black_hispanic","1832","count","2021___state_il___hs___apcs_enrol___allSchools___black_hispanic"
2021,"state_il","hs","apcs_enrol","allSchools","white_asian","5835","count","2021___state_il___hs___apcs_enrol___allSchools___white_asian"
2021,"state_il","hs","apcs_enrol","allSchools","black","369","count","2021___state_il___hs___apcs_enrol___allSchools___black"
2021,"state_il","hs","apcs_enrol","allSchools","hispanic","1463","count","2021___state_il___hs___apcs_enrol___allSchools___hispanic"
2021,"state_il","hs","apcs_enrol","allSchools","white","3674","count","2021___state_il___hs___apcs_enrol___allSchools___white"
2021,"state_il","hs","apcs_enrol","allSchools","asian","2161","count","2021___state_il___hs___apcs_enrol___allSchools___asian"
2021,"state_il","col","cs3year_confer","allSchools","all","8490","count","2021___state_il___col___cs3year_confer___allSchools___all"
2021,"state_il","col","cs3year_confer","allSchools","black_hispanic","1766","count","2021___state_il___col___cs3year_confer___allSchools___black_hispanic"
2021,"state_il","col","cs3year_confer","allSchools","white_asian","6724","count","2021___state_il___col___cs3year_confer___allSchools___white_asian"
2021,"state_il","col","cs3year_confer","allSchools","black","539","count","2021___state_il___col___cs3year_confer___allSchools___black"
2021,"state_il","col","cs3year_confer","allSchools","hispanic","1227","count","2021___state_il___col___cs3year_confer___allSchools___hispanic"
2021,"state_il","col","cs3year_confer","allSchools","white","4478","count","2021___state_il___col___cs3year_confer___allSchools___white"
2021,"state_il","col","cs3year_confer","allSchools","asian","2246","count","2021___state_il___col___cs3year_confer___allSchools___asian"
2021,"city_chi","k8_8th","math_basic","cps","all","9007","count","2021___city_chi___k8_8th___math_basic___cps___all"
2021,"city_chi","k8_8th","math_basic","cps","black_hispanic","8063","count","2021___city_chi___k8_8th___math_basic___cps___black_hispanic"
2021,"city_chi","k8_8th","math_basic","cps","white_asian","944","count","2021___city_chi___k8_8th___math_basic___cps___white_asian"
2021,"city_chi","k8_8th","math_basic","cps","black","3563","count","2021___city_chi___k8_8th___math_basic___cps___black"
2021,"city_chi","k8_8th","math_basic","cps","hispanic","4500","count","2021___city_chi___k8_8th___math_basic___cps___hispanic"
2021,"city_chi","k8_8th","math_basic","cps","white","770","count","2021___city_chi___k8_8th___math_basic___cps___white"
2021,"city_chi","k8_8th","math_basic","cps","asian","174","count","2021___city_chi___k8_8th___math_basic___cps___asian"
2021,"city_chi","k8_4th","math_basic","cps","all","9172","count","2021___city_chi___k8_4th___math_basic___cps___all"
2021,"city_chi","k8_4th","math_basic","cps","black_hispanic","8234","count","2021___city_chi___k8_4th___math_basic___cps___black_hispanic"
2021,"city_chi","k8_4th","math_basic","cps","white_asian","938","count","2021___city_chi___k8_4th___math_basic___cps___white_asian"
2021,"city_chi","k8_4th","math_basic","cps","black","3558","count","2021___city_chi___k8_4th___math_basic___cps___black"
2021,"city_chi","k8_4th","math_basic","cps","hispanic","4676","count","2021___city_chi___k8_4th___math_basic___cps___hispanic"
2021,"city_chi","k8_4th","math_basic","cps","white","700","count","2021___city_chi___k8_4th___math_basic___cps___white"
2021,"city_chi","k8_4th","math_basic","cps","asian","238","count","2021___city_chi___k8_4th___math_basic___cps___asian"
2021,"city_chi","k8_8th","math_belowBasic","cps","all","9514","count","2021___city_chi___k8_8th___math_belowBasic___cps___all"
2021,"city_chi","k8_8th","math_belowBasic","cps","black_hispanic","9032","count","2021___city_chi___k8_8th___math_belowBasic___cps___black_hispanic"
2021,"city_chi","k8_8th","math_belowBasic","cps","white_asian","482","count","2021___city_chi___k8_8th___math_belowBasic___cps___white_asian"
2021,"city_chi","k8_8th","math_belowBasic","cps","black","4407","count","2021___city_chi___k8_8th___math_belowBasic___cps___black"
2021,"city_chi","k8_8th","math_belowBasic","cps","hispanic","4625","count","2021___city_chi___k8_8th___math_belowBasic___cps___hispanic"
2021,"city_chi","k8_8th","math_belowBasic","cps","white","359","count","2021___city_chi___k8_8th___math_belowBasic___cps___white"
2021,"city_chi","k8_8th","math_belowBasic","cps","asian","123","count","2021___city_chi___k8_8th___math_belowBasic___cps___asian"
2021,"state_il","col","t3_confer","allSchools","all","9763","count","2021___state_il___col___t3_confer___allSchools___all"
2021,"state_il","col","t3_confer","allSchools","black_hispanic","2121","count","2021___state_il___col___t3_confer___allSchools___black_hispanic"
2021,"state_il","col","t3_confer","allSchools","white_asian","7642","count","2021___state_il___col___t3_confer___allSchools___white_asian"
2021,"state_il","col","t3_confer","allSchools","black","677","count","2021___state_il___col___t3_confer___allSchools___black"
2021,"state_il","col","t3_confer","allSchools","hispanic","1444","count","2021___state_il___col___t3_confer___allSchools___hispanic"
2021,"state_il","col","t3_confer","allSchools","white","5293","count","2021___state_il___col___t3_confer___allSchools___white"
2021,"state_il","col","t3_confer","allSchools","asian","2349","count","2021___state_il___col___t3_confer___allSchools___asian"
2021,"state_il","col","cs_enrol","allSchools","all","11759","count","2021___state_il___col___cs_enrol___allSchools___all"
2021,"state_il","col","cs_enrol","allSchools","black_hispanic","3200","count","2021___state_il___col___cs_enrol___allSchools___black_hispanic"
2021,"state_il","col","cs_enrol","allSchools","white_asian","8559","count","2021___state_il___col___cs_enrol___allSchools___white_asian"
2021,"state_il","col","cs_enrol","allSchools","black","1066","count","2021___state_il___col___cs_enrol___allSchools___black"
2021,"state_il","col","cs_enrol","allSchools","hispanic","2134","count","2021___state_il___col___cs_enrol___allSchools___hispanic"
2021,"state_il","col","cs_enrol","allSchools","white","5264","count","2021___state_il___col___cs_enrol___allSchools___white"
2021,"state_il","col","cs_enrol","allSchools","asian","3295","count","2021___state_il___col___cs_enrol___allSchools___asian"
2021,"usa","col","t3_enrol","allSchools","all","14933","count","2021___usa___col___t3_enrol___allSchools___all"
2021,"usa","col","t3_enrol","allSchools","black_hispanic","3815","count","2021___usa___col___t3_enrol___allSchools___black_hispanic"
2021,"usa","col","t3_enrol","allSchools","white_asian","11118","count","2021___usa___col___t3_enrol___allSchools___white_asian"
2021,"usa","col","t3_enrol","allSchools","black","1126","count","2021___usa___col___t3_enrol___allSchools___black"
2021,"usa","col","t3_enrol","allSchools","hispanic","2689","count","2021___usa___col___t3_enrol___allSchools___hispanic"
2021,"usa","col","t3_enrol","allSchools","white","5154","count","2021___usa___col___t3_enrol___allSchools___white"
2021,"usa","col","t3_enrol","allSchools","asian","5964","count","2021___usa___col___t3_enrol___allSchools___asian"
2021,"city_chi","hs","mag_enrol","cps","all","15513","count","2021___city_chi___hs___mag_enrol___cps___all"
2021,"city_chi","hs","mag_enrol","cps","black_hispanic","13352","count","2021___city_chi___hs___mag_enrol___cps___black_hispanic"
2021,"city_chi","hs","mag_enrol","cps","white_asian","2161","count","2021___city_chi___hs___mag_enrol___cps___white_asian"
2021,"city_chi","hs","mag_enrol","cps","black","3282","count","2021___city_chi___hs___mag_enrol___cps___black"
2021,"city_chi","hs","mag_enrol","cps","hispanic","10070","count","2021___city_chi___hs___mag_enrol___cps___hispanic"
2021,"city_chi","hs","mag_enrol","cps","white","1318","count","2021___city_chi___hs___mag_enrol___cps___white"
2021,"city_chi","hs","mag_enrol","cps","asian","843","count","2021___city_chi___hs___mag_enrol___cps___asian"
2021,"city_chi","k8_total","mag_stem_enrol","cps","all","20717","count","2021___city_chi___k8_total___mag_stem_enrol___cps___all"
2021,"city_chi","k8_total","mag_stem_enrol","cps","black_hispanic","17672","count","2021___city_chi___k8_total___mag_stem_enrol___cps___black_hispanic"
2021,"city_chi","k8_total","mag_stem_enrol","cps","white_asian","2679","count","2021___city_chi___k8_total___mag_stem_enrol___cps___white_asian"
2021,"city_chi","k8_total","mag_stem_enrol","cps","black","10133","count","2021___city_chi___k8_total___mag_stem_enrol___cps___black"
2021,"city_chi","k8_total","mag_stem_enrol","cps","hispanic","7539","count","2021___city_chi___k8_total___mag_stem_enrol___cps___hispanic"
2021,"city_chi","k8_total","mag_stem_enrol","cps","white","1325","count","2021___city_chi___k8_total___mag_stem_enrol___cps___white"
2021,"city_chi","k8_total","mag_stem_enrol","cps","asian","1354","count","2021___city_chi___k8_total___mag_stem_enrol___cps___asian"
2021,"region_chi_msa","emp","csjob_t3","allSchools","all","21858","count","2021___region_chi_msa___emp___csjob_t3___allSchools___all"
2021,"region_chi_msa","emp","csjob_t3","allSchools","black_hispanic","3116","count","2021___region_chi_msa___emp___csjob_t3___allSchools___black_hispanic"
2021,"region_chi_msa","emp","csjob_t3","allSchools","white_asian","18742","count","2021___region_chi_msa___emp___csjob_t3___allSchools___white_asian"
2021,"region_chi_msa","emp","csjob_t3","allSchools","black","1457","count","2021___region_chi_msa___emp___csjob_t3___allSchools___black"
2021,"region_chi_msa","emp","csjob_t3","allSchools","hispanic","1659","count","2021___region_chi_msa___emp___csjob_t3___allSchools___hispanic"
2021,"region_chi_msa","emp","csjob_t3","allSchools","white","14664","count","2021___region_chi_msa___emp___csjob_t3___allSchools___white"
2021,"region_chi_msa","emp","csjob_t3","allSchools","asian","4078","count","2021___region_chi_msa___emp___csjob_t3___allSchools___asian"
2021,"usa","hs","apcs_score3/4","allSchools","all","25637","count","2021___usa___hs___apcs_score3/4___allSchools___all"
2021,"usa","hs","apcs_score3/4","allSchools","black_hispanic","3006","count","2021___usa___hs___apcs_score3/4___allSchools___black_hispanic"
2021,"usa","hs","apcs_score3/4","allSchools","white_asian","22631","count","2021___usa___hs___apcs_score3/4___allSchools___white_asian"
2021,"usa","hs","apcs_score3/4","allSchools","black","559","count","2021___usa___hs___apcs_score3/4___allSchools___black"
2021,"usa","hs","apcs_score3/4","allSchools","hispanic","2447","count","2021___usa___hs___apcs_score3/4___allSchools___hispanic"
2021,"usa","hs","apcs_score3/4","allSchools","white","11498","count","2021___usa___hs___apcs_score3/4___allSchools___white"
2021,"usa","hs","apcs_score3/4","allSchools","asian","11133","count","2021___usa___hs___apcs_score3/4___allSchools___asian"
2021,"state_il","col","t3_enrol","allSchools","all","40403","count","2021___state_il___col___t3_enrol___allSchools___all"
2021,"state_il","col","t3_enrol","allSchools","black_hispanic","10137","count","2021___state_il___col___t3_enrol___allSchools___black_hispanic"
2021,"state_il","col","t3_enrol","allSchools","white_asian","30266","count","2021___state_il___col___t3_enrol___allSchools___white_asian"
2021,"state_il","col","t3_enrol","allSchools","black","3059","count","2021___state_il___col___t3_enrol___allSchools___black"
2021,"state_il","col","t3_enrol","allSchools","hispanic","7078","count","2021___state_il___col___t3_enrol___allSchools___hispanic"
2021,"state_il","col","t3_enrol","allSchools","white","19643","count","2021___state_il___col___t3_enrol___allSchools___white"
2021,"state_il","col","t3_enrol","allSchools","asian","10623","count","2021___state_il___col___t3_enrol___allSchools___asian"
2021,"usa","hs","apcs_score5","allSchools","all","88387","count","2021___usa___hs___apcs_score5___allSchools___all"
2021,"usa","hs","apcs_score5","allSchools","black_hispanic","18541","count","2021___usa___hs___apcs_score5___allSchools___black_hispanic"
2021,"usa","hs","apcs_score5","allSchools","white_asian","69846","count","2021___usa___hs___apcs_score5___allSchools___white_asian"
2021,"usa","hs","apcs_score5","allSchools","black","4491","count","2021___usa___hs___apcs_score5___allSchools___black"
2021,"usa","hs","apcs_score5","allSchools","hispanic","14050","count","2021___usa___hs___apcs_score5___allSchools___hispanic"
2021,"usa","hs","apcs_score5","allSchools","white","43220","count","2021___usa___hs___apcs_score5___allSchools___white"
2021,"usa","hs","apcs_score5","allSchools","asian","26626","count","2021___usa___hs___apcs_score5___allSchools___asian"
2021,"usa","col","cs_confer","allSchools","all","107967","count","2021___usa___col___cs_confer___allSchools___all"
2021,"usa","col","cs_confer","allSchools","black_hispanic","20859","count","2021___usa___col___cs_confer___allSchools___black_hispanic"
2021,"usa","col","cs_confer","allSchools","white_asian","73254","count","2021___usa___col___cs_confer___allSchools___white_asian"
2021,"usa","col","cs_confer","allSchools","black","8779","count","2021___usa___col___cs_confer___allSchools___black"
2021,"usa","col","cs_confer","allSchools","hispanic","12080","count","2021___usa___col___cs_confer___allSchools___hispanic"
2021,"usa","col","cs_confer","allSchools","white","53788","count","2021___usa___col___cs_confer___allSchools___white"
2021,"usa","col","cs_confer","allSchools","asian","19466","count","2021___usa___col___cs_confer___allSchools___asian"
2021,"usa","hs","apcs_pass","allSchools","all","114024","count","2021___usa___hs___apcs_pass___allSchools___all"
2021,"usa","hs","apcs_pass","allSchools","black_hispanic","21547","count","2021___usa___hs___apcs_pass___allSchools___black_hispanic"
2021,"usa","hs","apcs_pass","allSchools","white_asian","92477","count","2021___usa___hs___apcs_pass___allSchools___white_asian"
2021,"usa","hs","apcs_pass","allSchools","black","5050","count","2021___usa___hs___apcs_pass___allSchools___black"
2021,"usa","hs","apcs_pass","allSchools","hispanic","16497","count","2021___usa___hs___apcs_pass___allSchools___hispanic"
2021,"usa","hs","apcs_pass","allSchools","white","54718","count","2021___usa___hs___apcs_pass___allSchools___white"
2021,"usa","hs","apcs_pass","allSchools","asian","37759","count","2021___usa___hs___apcs_pass___allSchools___asian"
2021,"region_chi_msa","emp","csjob_t11","allSchools","all","123681","count","2021___region_chi_msa___emp___csjob_t11___allSchools___all"
2021,"region_chi_msa","emp","csjob_t11","allSchools","black_hispanic","17847","count","2021___region_chi_msa___emp___csjob_t11___allSchools___black_hispanic"
2021,"region_chi_msa","emp","csjob_t11","allSchools","white_asian","105834","count","2021___region_chi_msa___emp___csjob_t11___allSchools___white_asian"
2021,"region_chi_msa","emp","csjob_t11","allSchools","black","8621","count","2021___region_chi_msa___emp___csjob_t11___allSchools___black"
2021,"region_chi_msa","emp","csjob_t11","allSchools","hispanic","9226","count","2021___region_chi_msa___emp___csjob_t11___allSchools___hispanic"
2021,"region_chi_msa","emp","csjob_t11","allSchools","white","72374","count","2021___region_chi_msa___emp___csjob_t11___allSchools___white"
2021,"region_chi_msa","emp","csjob_t11","allSchools","asian","33460","count","2021___region_chi_msa___emp___csjob_t11___allSchools___asian"
2021,"state_il","hs","total_grad","allSchools","all","133178","count","2021___state_il___hs___total_grad___allSchools___all"
2021,"state_il","hs","total_grad","allSchools","black_hispanic","55826","count","2021___state_il___hs___total_grad___allSchools___black_hispanic"
2021,"state_il","hs","total_grad","allSchools","white_asian","77352","count","2021___state_il___hs___total_grad___allSchools___white_asian"
2021,"state_il","hs","total_grad","allSchools","black","20880","count","2021___state_il___hs___total_grad___allSchools___black"
2021,"state_il","hs","total_grad","allSchools","hispanic","34946","count","2021___state_il___hs___total_grad___allSchools___hispanic"
2021,"state_il","hs","total_grad","allSchools","white","69614","count","2021___state_il___hs___total_grad___allSchools___white"
2021,"state_il","hs","total_grad","allSchools","asian","7738","count","2021___state_il___hs___total_grad___allSchools___asian"
2021,"usa","emp","csjob_t11_age19to24","allSchools","all","176364","count","2021___usa___emp___csjob_t11_age19to24___allSchools___all"
2021,"usa","emp","csjob_t11_age19to24","allSchools","black_hispanic","25568","count","2021___usa___emp___csjob_t11_age19to24___allSchools___black_hispanic"
2021,"usa","emp","csjob_t11_age19to24","allSchools","white_asian","150796","count","2021___usa___emp___csjob_t11_age19to24___allSchools___white_asian"
2021,"usa","emp","csjob_t11_age19to24","allSchools","black","12939","count","2021___usa___emp___csjob_t11_age19to24___allSchools___black"
2021,"usa","emp","csjob_t11_age19to24","allSchools","hispanic","12629","count","2021___usa___emp___csjob_t11_age19to24___allSchools___hispanic"
2021,"usa","emp","csjob_t11_age19to24","allSchools","white","106699","count","2021___usa___emp___csjob_t11_age19to24___allSchools___white"
2021,"usa","emp","csjob_t11_age19to24","allSchools","asian","44097","count","2021___usa___emp___csjob_t11_age19to24___allSchools___asian"
2021,"usa","hs","apcs_enrol","allSchools","all","179188","count","2021___usa___hs___apcs_enrol___allSchools___all"
2021,"usa","hs","apcs_enrol","allSchools","black_hispanic","38371","count","2021___usa___hs___apcs_enrol___allSchools___black_hispanic"
2021,"usa","hs","apcs_enrol","allSchools","white_asian","123108","count","2021___usa___hs___apcs_enrol___allSchools___white_asian"
2021,"usa","hs","apcs_enrol","allSchools","black","10163","count","2021___usa___hs___apcs_enrol___allSchools___black"
2021,"usa","hs","apcs_enrol","allSchools","hispanic","28208","count","2021___usa___hs___apcs_enrol___allSchools___hispanic"
2021,"usa","hs","apcs_enrol","allSchools","white","76508","count","2021___usa___hs___apcs_enrol___allSchools___white"
2021,"usa","hs","apcs_enrol","allSchools","asian","46600","count","2021___usa___hs___apcs_enrol___allSchools___asian"
2021,"usa","col","sat_math_exceeds","allSchools","all","234000","count","2021___usa___col___sat_math_exceeds___allSchools___all"
2021,"usa","col","sat_math_exceeds","allSchools","black_hispanic","33126","count","2021___usa___col___sat_math_exceeds___allSchools___black_hispanic"
2021,"usa","col","sat_math_exceeds","allSchools","white_asian","180266","count","2021___usa___col___sat_math_exceeds___allSchools___white_asian"
2021,"usa","col","sat_math_exceeds","allSchools","black","8423","count","2021___usa___col___sat_math_exceeds___allSchools___black"
2021,"usa","col","sat_math_exceeds","allSchools","hispanic","24703","count","2021___usa___col___sat_math_exceeds___allSchools___hispanic"
2021,"usa","col","sat_math_exceeds","allSchools","white","101678","count","2021___usa___col___sat_math_exceeds___allSchools___white"
2021,"usa","col","sat_math_exceeds","allSchools","asian","78588","count","2021___usa___col___sat_math_exceeds___allSchools___asian"
2021,"usa","col","cs3year_confer","allSchools","all","307073","count","2021___usa___col___cs3year_confer___allSchools___all"
2021,"usa","col","cs3year_confer","allSchools","black_hispanic","79385","count","2021___usa___col___cs3year_confer___allSchools___black_hispanic"
2021,"usa","col","cs3year_confer","allSchools","white_asian","227688","count","2021___usa___col___cs3year_confer___allSchools___white_asian"
2021,"usa","col","cs3year_confer","allSchools","black","37558","count","2021___usa___col___cs3year_confer___allSchools___black"
2021,"usa","col","cs3year_confer","allSchools","hispanic","41827","count","2021___usa___col___cs3year_confer___allSchools___hispanic"
2021,"usa","col","cs3year_confer","allSchools","white","180234","count","2021___usa___col___cs3year_confer___allSchools___white"
2021,"usa","col","cs3year_confer","allSchools","asian","47454","count","2021___usa___col___cs3year_confer___allSchools___asian"
2021,"usa","k8_4th","math_advc","allSchools","all","319000","count","2021___usa___k8_4th___math_advc___allSchools___all"
2021,"usa","k8_4th","math_advc","allSchools","black_hispanic","45000","count","2021___usa___k8_4th___math_advc___allSchools___black_hispanic"
2021,"usa","k8_4th","math_advc","allSchools","white_asian","274000","count","2021___usa___k8_4th___math_advc___allSchools___white_asian"
2021,"usa","k8_4th","math_advc","allSchools","black","12000","count","2021___usa___k8_4th___math_advc___allSchools___black"
2021,"usa","k8_4th","math_advc","allSchools","hispanic","33000","count","2021___usa___k8_4th___math_advc___allSchools___hispanic"
2021,"usa","k8_4th","math_advc","allSchools","white","216000","count","2021___usa___k8_4th___math_advc___allSchools___white"
2021,"usa","k8_4th","math_advc","allSchools","asian","58000","count","2021___usa___k8_4th___math_advc___allSchools___asian"
2021,"usa","k8_8th","math_advc","allSchools","all","344200","count","2021___usa___k8_8th___math_advc___allSchools___all"
2021,"usa","k8_8th","math_advc","allSchools","black_hispanic","44200","count","2021___usa___k8_8th___math_advc___allSchools___black_hispanic"
2021,"usa","k8_8th","math_advc","allSchools","white_asian","3e+05","count","2021___usa___k8_8th___math_advc___allSchools___white_asian"
2021,"usa","k8_8th","math_advc","allSchools","black","11200","count","2021___usa___k8_8th___math_advc___allSchools___black"
2021,"usa","k8_8th","math_advc","allSchools","hispanic","33000","count","2021___usa___k8_8th___math_advc___allSchools___hispanic"
2021,"usa","k8_8th","math_advc","allSchools","white","234000","count","2021___usa___k8_8th___math_advc___allSchools___white"
2021,"usa","k8_8th","math_advc","allSchools","asian","66000","count","2021___usa___k8_8th___math_advc___allSchools___asian"
2021,"usa","col","sat_math_meet&exceeds","allSchools","all","658332","count","2021___usa___col___sat_math_meet&exceeds___allSchools___all"
2021,"usa","col","sat_math_meet&exceeds","allSchools","black_hispanic","144612","count","2021___usa___col___sat_math_meet&exceeds___allSchools___black_hispanic"
2021,"usa","col","sat_math_meet&exceeds","allSchools","white_asian","513720","count","2021___usa___col___sat_math_meet&exceeds___allSchools___white_asian"
2021,"usa","col","sat_math_meet&exceeds","allSchools","black","38744","count","2021___usa___col___sat_math_meet&exceeds___allSchools___black"
2021,"usa","col","sat_math_meet&exceeds","allSchools","hispanic","105868","count","2021___usa___col___sat_math_meet&exceeds___allSchools___hispanic"
2021,"usa","col","sat_math_meet&exceeds","allSchools","white","374937","count","2021___usa___col___sat_math_meet&exceeds___allSchools___white"
2021,"usa","col","sat_math_meet&exceeds","allSchools","asian","138783","count","2021___usa___col___sat_math_meet&exceeds___allSchools___asian"
2021,"usa","emp","csjob_t3","allSchools","all","678685","count","2021___usa___emp___csjob_t3___allSchools___all"
2021,"usa","emp","csjob_t3","allSchools","black_hispanic","99185","count","2021___usa___emp___csjob_t3___allSchools___black_hispanic"
2021,"usa","emp","csjob_t3","allSchools","white_asian","579500","count","2021___usa___emp___csjob_t3___allSchools___white_asian"
2021,"usa","emp","csjob_t3","allSchools","black","48317","count","2021___usa___emp___csjob_t3___allSchools___black"
2021,"usa","emp","csjob_t3","allSchools","hispanic","50868","count","2021___usa___emp___csjob_t3___allSchools___hispanic"
2021,"usa","emp","csjob_t3","allSchools","white","451767","count","2021___usa___emp___csjob_t3___allSchools___white"
2021,"usa","emp","csjob_t3","allSchools","asian","127733","count","2021___usa___emp___csjob_t3___allSchools___asian"
2021,"usa","col","cs_enrol","allSchools","all","7e+05","count","2021___usa___col___cs_enrol___allSchools___all"
2021,"usa","col","cs_enrol","allSchools","black_hispanic","135000","count","2021___usa___col___cs_enrol___allSchools___black_hispanic"
2021,"usa","col","cs_enrol","allSchools","white_asian","565000","count","2021___usa___col___cs_enrol___allSchools___white_asian"
2021,"usa","col","cs_enrol","allSchools","black","57000","count","2021___usa___col___cs_enrol___allSchools___black"
2021,"usa","col","cs_enrol","allSchools","hispanic","78000","count","2021___usa___col___cs_enrol___allSchools___hispanic"
2021,"usa","col","cs_enrol","allSchools","white","350000","count","2021___usa___col___cs_enrol___allSchools___white"
2021,"usa","col","cs_enrol","allSchools","asian","215000","count","2021___usa___col___cs_enrol___allSchools___asian"
2021,"usa","k8_8th","math_prof&abov","allSchools","all","1183800","count","2021___usa___k8_8th___math_prof&abov___allSchools___all"
2021,"usa","k8_8th","math_prof&abov","allSchools","black_hispanic","281800","count","2021___usa___k8_8th___math_prof&abov___allSchools___black_hispanic"
2021,"usa","k8_8th","math_prof&abov","allSchools","white_asian","902000","count","2021___usa___k8_8th___math_prof&abov___allSchools___white_asian"
2021,"usa","k8_8th","math_prof&abov","allSchools","black","72800","count","2021___usa___k8_8th___math_prof&abov___allSchools___black"
2021,"usa","k8_8th","math_prof&abov","allSchools","hispanic","209000","count","2021___usa___k8_8th___math_prof&abov___allSchools___hispanic"
2021,"usa","k8_8th","math_prof&abov","allSchools","white","774000","count","2021___usa___k8_8th___math_prof&abov___allSchools___white"
2021,"usa","k8_8th","math_prof&abov","allSchools","asian","128000","count","2021___usa___k8_8th___math_prof&abov___allSchools___asian"
2021,"usa","k8_4th","math_prof&abov","allSchools","all","1504000","count","2021___usa___k8_4th___math_prof&abov___allSchools___all"
2021,"usa","k8_4th","math_prof&abov","allSchools","black_hispanic","428000","count","2021___usa___k8_4th___math_prof&abov___allSchools___black_hispanic"
2021,"usa","k8_4th","math_prof&abov","allSchools","white_asian","1076000","count","2021___usa___k8_4th___math_prof&abov___allSchools___white_asian"
2021,"usa","k8_4th","math_prof&abov","allSchools","black","120000","count","2021___usa___k8_4th___math_prof&abov___allSchools___black"
2021,"usa","k8_4th","math_prof&abov","allSchools","hispanic","308000","count","2021___usa___k8_4th___math_prof&abov___allSchools___hispanic"
2021,"usa","k8_4th","math_prof&abov","allSchools","white","936000","count","2021___usa___k8_4th___math_prof&abov___allSchools___white"
2021,"usa","k8_4th","math_prof&abov","allSchools","asian","140000","count","2021___usa___k8_4th___math_prof&abov___allSchools___asian"
2021,"usa","col","total_confer","allSchools","all","2039431","count","2021___usa___col___total_confer___allSchools___all"
2021,"usa","col","total_confer","allSchools","black_hispanic","500059","count","2021___usa___col___total_confer___allSchools___black_hispanic"
2021,"usa","col","total_confer","allSchools","white_asian","1341021","count","2021___usa___col___total_confer___allSchools___white_asian"
2021,"usa","col","total_confer","allSchools","black","197444","count","2021___usa___col___total_confer___allSchools___black"
2021,"usa","col","total_confer","allSchools","hispanic","302615","count","2021___usa___col___total_confer___allSchools___hispanic"
2021,"usa","col","total_confer","allSchools","white","1183959","count","2021___usa___col___total_confer___allSchools___white"
2021,"usa","col","total_confer","allSchools","asian","157062","count","2021___usa___col___total_confer___allSchools___asian"
2019,"usa","k8_total","NOinternet_age5to17","allSchools","all","2288743","count","2019___usa___k8_total___NOinternet_age5to17___allSchools___all"
2019,"usa","k8_total","NOinternet_age5to17","allSchools","black_hispanic","1423107","count","2019___usa___k8_total___NOinternet_age5to17___allSchools___black_hispanic"
2019,"usa","k8_total","NOinternet_age5to17","allSchools","white_asian","865636","count","2019___usa___k8_total___NOinternet_age5to17___allSchools___white_asian"
2019,"usa","k8_total","NOinternet_age5to17","allSchools","black","517275","count","2019___usa___k8_total___NOinternet_age5to17___allSchools___black"
2019,"usa","k8_total","NOinternet_age5to17","allSchools","hispanic","905832","count","2019___usa___k8_total___NOinternet_age5to17___allSchools___hispanic"
2019,"usa","k8_total","NOinternet_age5to17","allSchools","white","830272","count","2019___usa___k8_total___NOinternet_age5to17___allSchools___white"
2019,"usa","k8_total","NOinternet_age5to17","allSchools","asian","35364","count","2019___usa___k8_total___NOinternet_age5to17___allSchools___asian"
2021,"usa","emp","csjob_t11","allSchools","all","5049583","count","2021___usa___emp___csjob_t11___allSchools___all"
2021,"usa","emp","csjob_t11","allSchools","black_hispanic","802956","count","2021___usa___emp___csjob_t11___allSchools___black_hispanic"
2021,"usa","emp","csjob_t11","allSchools","white_asian","4246627","count","2021___usa___emp___csjob_t11___allSchools___white_asian"
2021,"usa","emp","csjob_t11","allSchools","black","401798","count","2021___usa___emp___csjob_t11___allSchools___black"
2021,"usa","emp","csjob_t11","allSchools","hispanic","401158","count","2021___usa___emp___csjob_t11___allSchools___hispanic"
2021,"usa","emp","csjob_t11","allSchools","white","3117300","count","2021___usa___emp___csjob_t11___allSchools___white"
2021,"usa","emp","csjob_t11","allSchools","asian","1129327","count","2021___usa___emp___csjob_t11___allSchools___asian"
2021,"usa","col","total_enrol","allSchools","all","13934822","count","2021___usa___col___total_enrol___allSchools___all"
2021,"usa","col","total_enrol","allSchools","black_hispanic","5121847","count","2021___usa___col___total_enrol___allSchools___black_hispanic"
2021,"usa","col","total_enrol","allSchools","white_asian","8812975","count","2021___usa___col___total_enrol___allSchools___white_asian"
2021,"usa","col","total_enrol","allSchools","black","1901153","count","2021___usa___col___total_enrol___allSchools___black"
2021,"usa","col","total_enrol","allSchools","hispanic","3220694","count","2021___usa___col___total_enrol___allSchools___hispanic"
2021,"usa","col","total_enrol","allSchools","white","7751815","count","2021___usa___col___total_enrol___allSchools___white"
2021,"usa","col","total_enrol","allSchools","asian","1061160","count","2021___usa___col___total_enrol___allSchools___asian"
2021,"city_chi","hs","cs_interested","cps","all","9792","count","2021___city_chi___hs___cs_interested___cps___all"
2021,"city_chi","hs","cs_interested","cps","black_hispanic","6806","count","2021___city_chi___hs___cs_interested___cps___black_hispanic"
2021,"city_chi","hs","cs_interested","cps","white_asian","2986","count","2021___city_chi___hs___cs_interested___cps___white_asian"
2021,"city_chi","hs","cs_interested","cps","black","2054","count","2021___city_chi___hs___cs_interested___cps___black"
2021,"city_chi","hs","cs_interested","cps","hispanic","4752","count","2021___city_chi___hs___cs_interested___cps___hispanic"
2021,"city_chi","hs","cs_interested","cps","white","1905","count","2021___city_chi___hs___cs_interested___cps___white"
2021,"city_chi","hs","cs_interested","cps","asian","1081","count","2021___city_chi___hs___cs_interested___cps___asian"
2021,"city_chi","hs","dualCredit","cps","all","297","count","2021___city_chi___hs___dualCredit___cps___all"
2021,"city_chi","hs","dualCredit","cps","black_hispanic","273","count","2021___city_chi___hs___dualCredit___cps___black_hispanic"
2021,"city_chi","hs","dualCredit","cps","white_asian","24","count","2021___city_chi___hs___dualCredit___cps___white_asian"
2021,"city_chi","hs","dualCredit","cps","black","157","count","2021___city_chi___hs___dualCredit___cps___black"
2021,"city_chi","hs","dualCredit","cps","hispanic","116","count","2021___city_chi___hs___dualCredit___cps___hispanic"
2021,"city_chi","hs","dualCredit","cps","white","19","count","2021___city_chi___hs___dualCredit___cps___white"
2021,"city_chi","hs","dualCredit","cps","asian","5","count","2021___city_chi___hs___dualCredit___cps___asian"
2017,"city_chi","k8_8th","math_algebra_fail","cps","all","88","count","2017___city_chi___k8_8th___math_algebra_fail___cps___all"
2017,"city_chi","k8_8th","math_algebra_fail","cps","black_hispanic","84","count","2017___city_chi___k8_8th___math_algebra_fail___cps___black_hispanic"
2017,"city_chi","k8_8th","math_algebra_fail","cps","white_asian","4","count","2017___city_chi___k8_8th___math_algebra_fail___cps___white_asian"
2017,"city_chi","k8_8th","math_algebra_fail","cps","black","55","count","2017___city_chi___k8_8th___math_algebra_fail___cps___black"
2017,"city_chi","k8_8th","math_algebra_fail","cps","hispanic","29","count","2017___city_chi___k8_8th___math_algebra_fail___cps___hispanic"
2017,"city_chi","k8_8th","math_algebra_fail","cps","white","4","count","2017___city_chi___k8_8th___math_algebra_fail___cps___white"
2017,"city_chi","k8_8th","math_algebra_fail","cps","asian","0","count","2017___city_chi___k8_8th___math_algebra_fail___cps___asian"
2017,"city_chi","hs","math_advc","cps","all","31802","count","2017___city_chi___hs___math_advc___cps___all"
2017,"city_chi","hs","math_advc","cps","black_hispanic","26227","count","2017___city_chi___hs___math_advc___cps___black_hispanic"
2017,"city_chi","hs","math_advc","cps","white_asian","5575","count","2017___city_chi___hs___math_advc___cps___white_asian"
2017,"city_chi","hs","math_advc","cps","black","10952","count","2017___city_chi___hs___math_advc___cps___black"
2017,"city_chi","hs","math_advc","cps","hispanic","15275","count","2017___city_chi___hs___math_advc___cps___hispanic"
2017,"city_chi","hs","math_advc","cps","white","3728","count","2017___city_chi___hs___math_advc___cps___white"
2017,"city_chi","hs","math_advc","cps","asian","1847","count","2017___city_chi___hs___math_advc___cps___asian"
2017,"city_chi","k8_8th","math_algebra_enrol","cps","all","5749","count","2017___city_chi___k8_8th___math_algebra_enrol___cps___all"
2017,"city_chi","k8_8th","math_algebra_enrol","cps","black_hispanic","3916","count","2017___city_chi___k8_8th___math_algebra_enrol___cps___black_hispanic"
2017,"city_chi","k8_8th","math_algebra_enrol","cps","white_asian","1833","count","2017___city_chi___k8_8th___math_algebra_enrol___cps___white_asian"
2017,"city_chi","k8_8th","math_algebra_enrol","cps","black","1138","count","2017___city_chi___k8_8th___math_algebra_enrol___cps___black"
2017,"city_chi","k8_8th","math_algebra_enrol","cps","hispanic","2778","count","2017___city_chi___k8_8th___math_algebra_enrol___cps___hispanic"
2017,"city_chi","k8_8th","math_algebra_enrol","cps","white","1286","count","2017___city_chi___k8_8th___math_algebra_enrol___cps___white"
2017,"city_chi","k8_8th","math_algebra_enrol","cps","asian","547","count","2017___city_chi___k8_8th___math_algebra_enrol___cps___asian"
2022,"city_chi","k8_4th","popul","cps","all","    22252","count","2022___city_chi___k8_4th___popul___cps___all"
2022,"city_chi","k8_4th","popul","cps","black","     8275","count","2022___city_chi___k8_4th___popul___cps___black"
2022,"city_chi","k8_4th","popul","cps","hispanic","    10392","count","2022___city_chi___k8_4th___popul___cps___hispanic"
2022,"city_chi","k8_4th","popul","cps","white","     2501","count","2022___city_chi___k8_4th___popul___cps___white"
2022,"city_chi","k8_4th","popul","cps","asian","     1084","count","2022___city_chi___k8_4th___popul___cps___asian"
2022,"city_chi","k8_8th","popul","cps","all","    25465","count","2022___city_chi___k8_8th___popul___cps___all"
2022,"city_chi","k8_8th","popul","cps","black","     9376","count","2022___city_chi___k8_8th___popul___cps___black"
2022,"city_chi","k8_8th","popul","cps","hispanic","    12500","count","2022___city_chi___k8_8th___popul___cps___hispanic"
2022,"city_chi","k8_8th","popul","cps","white","     2566","count","2022___city_chi___k8_8th___popul___cps___white"
2022,"city_chi","k8_8th","popul","cps","asian","     1023","count","2022___city_chi___k8_8th___popul___cps___asian"
2022,"city_chi","k8_total","popul","cps","all","   205654","count","2022___city_chi___k8_total___popul___cps___all"
2022,"city_chi","k8_total","popul","cps","black","    76478","count","2022___city_chi___k8_total___popul___cps___black"
2022,"city_chi","k8_total","popul","cps","hispanic","    95809","count","2022___city_chi___k8_total___popul___cps___hispanic"
2022,"city_chi","k8_total","popul","cps","white","    23965","count","2022___city_chi___k8_total___popul___cps___white"
2022,"city_chi","k8_total","popul","cps","asian","     9402","count","2022___city_chi___k8_total___popul___cps___asian"
2022,"city_chi","hs_9th","popul","cps","all","    25552","count","2022___city_chi___hs_9th___popul___cps___all"
2022,"city_chi","hs_9th","popul","cps","black","     9285","count","2022___city_chi___hs_9th___popul___cps___black"
2022,"city_chi","hs_9th","popul","cps","hispanic","    12923","count","2022___city_chi___hs_9th___popul___cps___hispanic"
2022,"city_chi","hs_9th","popul","cps","white","     2306","count","2022___city_chi___hs_9th___popul___cps___white"
2022,"city_chi","hs_9th","popul","cps","asian","     1038","count","2022___city_chi___hs_9th___popul___cps___asian"
2022,"city_chi","hs_10th","popul","cps","all","    26053","count","2022___city_chi___hs_10th___popul___cps___all"
2022,"city_chi","hs_10th","popul","cps","black","     9608","count","2022___city_chi___hs_10th___popul___cps___black"
2022,"city_chi","hs_10th","popul","cps","hispanic","    13039","count","2022___city_chi___hs_10th___popul___cps___hispanic"
2022,"city_chi","hs_10th","popul","cps","white","     2404","count","2022___city_chi___hs_10th___popul___cps___white"
2022,"city_chi","hs_10th","popul","cps","asian","     1002","count","2022___city_chi___hs_10th___popul___cps___asian"
2022,"city_chi","hs_11th","popul","cps","all","    26118","count","2022___city_chi___hs_11th___popul___cps___all"
2022,"city_chi","hs_11th","popul","cps","black","     9535","count","2022___city_chi___hs_11th___popul___cps___black"
2022,"city_chi","hs_11th","popul","cps","hispanic","    12869","count","2022___city_chi___hs_11th___popul___cps___hispanic"
2022,"city_chi","hs_11th","popul","cps","white","     2623","count","2022___city_chi___hs_11th___popul___cps___white"
2022,"city_chi","hs_11th","popul","cps","asian","     1091","count","2022___city_chi___hs_11th___popul___cps___asian"
2022,"city_chi","hs_12th","popul","cps","all","    24694","count","2022___city_chi___hs_12th___popul___cps___all"
2022,"city_chi","hs_12th","popul","cps","black","     8775","count","2022___city_chi___hs_12th___popul___cps___black"
2022,"city_chi","hs_12th","popul","cps","hispanic","    12397","count","2022___city_chi___hs_12th___popul___cps___hispanic"
2022,"city_chi","hs_12th","popul","cps","white","     2391","count","2022___city_chi___hs_12th___popul___cps___white"
2022,"city_chi","hs_12th","popul","cps","asian","     1131","count","2022___city_chi___hs_12th___popul___cps___asian"
2022,"city_chi","hs_total","popul","cps","all","   102417","count","2022___city_chi___hs_total___popul___cps___all"
2022,"city_chi","hs_total","popul","cps","black","    37203","count","2022___city_chi___hs_total___popul___cps___black"
2022,"city_chi","hs_total","popul","cps","hispanic","    51228","count","2022___city_chi___hs_total___popul___cps___hispanic"
2022,"city_chi","hs_total","popul","cps","white","     9724","count","2022___city_chi___hs_total___popul___cps___white"
2022,"city_chi","hs_total","popul","cps","asian","     4262","count","2022___city_chi___hs_total___popul___cps___asian"
2022,"state_il","hs_12th","popul","allSchools","all","   139687","count","2022___state_il___hs_12th___popul___allSchools___all"
2022,"state_il","hs_12th","popul","allSchools","black","    24193","count","2022___state_il___hs_12th___popul___allSchools___black"
2022,"state_il","hs_12th","popul","allSchools","hispanic","    39877","count","2022___state_il___hs_12th___popul___allSchools___hispanic"
2022,"state_il","hs_12th","popul","allSchools","white","    68100","count","2022___state_il___hs_12th___popul___allSchools___white"
2022,"state_il","hs_12th","popul","allSchools","asian","     7517","count","2022___state_il___hs_12th___popul___allSchools___asian"
2020,"state_il","hs_grads","popul","allSchools","all","   133178","count","2020___state_il___hs_grads___popul___allSchools___all"
2020,"state_il","hs_grads","popul","allSchools","black","    20880","count","2020___state_il___hs_grads___popul___allSchools___black"
2020,"state_il","hs_grads","popul","allSchools","hispanic","    34946","count","2020___state_il___hs_grads___popul___allSchools___hispanic"
2020,"state_il","hs_grads","popul","allSchools","white","    69614","count","2020___state_il___hs_grads___popul___allSchools___white"
2020,"state_il","hs_grads","popul","allSchools","asian","     7738","count","2020___state_il___hs_grads___popul___allSchools___asian"
2022,"state_il","hs_total","popul","allSchools","all","   572429","count","2022___state_il___hs_total___popul___allSchools___all"
2022,"state_il","hs_total","popul","allSchools","black","    99141","count","2022___state_il___hs_total___popul___allSchools___black"
2022,"state_il","hs_total","popul","allSchools","hispanic","   163414","count","2022___state_il___hs_total___popul___allSchools___hispanic"
2022,"state_il","hs_total","popul","allSchools","white","   279068","count","2022___state_il___hs_total___popul___allSchools___white"
2022,"state_il","hs_total","popul","allSchools","asian","    30806","count","2022___state_il___hs_total___popul___allSchools___asian"
2022,"state_il","col_total","popul","allSchools","all","   233051","count","2022___state_il___col_total___popul___allSchools___all"
2022,"state_il","col_total","popul","allSchools","black","    27966","count","2022___state_il___col_total___popul___allSchools___black"
2022,"state_il","col_total","popul","allSchools","hispanic","    51271","count","2022___state_il___col_total___popul___allSchools___hispanic"
2022,"state_il","col_total","popul","allSchools","white","   130509","count","2022___state_il___col_total___popul___allSchools___white"
2022,"state_il","col_total","popul","allSchools","asian","    23305","count","2022___state_il___col_total___popul___allSchools___asian"
2020,"state_il","col_conferred","popul","allSchools","all","    61023","count","2020___state_il___col_conferred___popul___allSchools___all"
2020,"state_il","col_conferred","popul","allSchools","black","     6102","count","2020___state_il___col_conferred___popul___allSchools___black"
2020,"state_il","col_conferred","popul","allSchools","hispanic","    11594","count","2020___state_il___col_conferred___popul___allSchools___hispanic"
2020,"state_il","col_conferred","popul","allSchools","white","    37224","count","2020___state_il___col_conferred___popul___allSchools___white"
2020,"state_il","col_conferred","popul","allSchools","asian","     6713","count","2020___state_il___col_conferred___popul___allSchools___asian"
2020,"city_chi","city_total","popul","allSchools","all","  2662000","count","2020___city_chi___city_total___popul___allSchools___all"
2020,"city_chi","city_total","popul","allSchools","black","   840000","count","2020___city_chi___city_total___popul___allSchools___black"
2020,"city_chi","city_total","popul","allSchools","hispanic","   779000","count","2020___city_chi___city_total___popul___allSchools___hispanic"
2020,"city_chi","city_total","popul","allSchools","white","   878000","count","2020___city_chi___city_total___popul___allSchools___white"
2020,"city_chi","city_total","popul","allSchools","asian","   165000","count","2020___city_chi___city_total___popul___allSchools___asian"
2022,"state_il","age_18to24","popul","allSchools","all","  1151971","count","2022___state_il___age_18to24___popul___allSchools___all"
2022,"state_il","age_18to24","popul","allSchools","black","   185882","count","2022___state_il___age_18to24___popul___allSchools___black"
2022,"state_il","age_18to24","popul","allSchools","hispanic","   261730","count","2022___state_il___age_18to24___popul___allSchools___hispanic"
2022,"state_il","age_18to24","popul","allSchools","white","   633474","count","2022___state_il___age_18to24___popul___allSchools___white"
2022,"state_il","age_18to24","popul","allSchools","asian","    70885","count","2022___state_il___age_18to24___popul___allSchools___asian"
2022,"region_chi_msa","age_20to64","popul","allSchools","all","  5438637","count","2022___region_chi_msa___age_20to64___popul___allSchools___all"
2022,"region_chi_msa","age_20to64","popul","allSchools","black","   905408","count","2022___region_chi_msa___age_20to64___popul___allSchools___black"
2022,"region_chi_msa","age_20to64","popul","allSchools","hispanic","  1212984","count","2022___region_chi_msa___age_20to64___popul___allSchools___hispanic"
2022,"region_chi_msa","age_20to64","popul","allSchools","white","  2888593","count","2022___region_chi_msa___age_20to64___popul___allSchools___white"
2022,"region_chi_msa","age_20to64","popul","allSchools","asian","   431652","count","2022___region_chi_msa___age_20to64___popul___allSchools___asian"
2021,"usa","hs_SATtaker","popul","allSchools","all","  1323242","count","2021___usa___hs_SATtaker___popul___allSchools___all"
2021,"usa","hs_SATtaker","popul","allSchools","black","   168454","count","2021___usa___hs_SATtaker___popul___allSchools___black"
2021,"usa","hs_SATtaker","popul","allSchools","hispanic","   352894","count","2021___usa___hs_SATtaker___popul___allSchools___hispanic"
2021,"usa","hs_SATtaker","popul","allSchools","white","   635486","count","2021___usa___hs_SATtaker___popul___allSchools___white"
2021,"usa","hs_SATtaker","popul","allSchools","asian","   167208","count","2021___usa___hs_SATtaker___popul___allSchools___asian"
2021,"city_chi","hs_SATtaker","popul","cps","all","    22636","count","2021___city_chi___hs_SATtaker___popul___cps___all"
2021,"city_chi","hs_SATtaker","popul","cps","black","     7850","count","2021___city_chi___hs_SATtaker___popul___cps___black"
2021,"city_chi","hs_SATtaker","popul","cps","hispanic","    11418","count","2021___city_chi___hs_SATtaker___popul___cps___hispanic"
2021,"city_chi","hs_SATtaker","popul","cps","white","     2278","count","2021___city_chi___hs_SATtaker___popul___cps___white"
2021,"city_chi","hs_SATtaker","popul","cps","asian","     1090","count","2021___city_chi___hs_SATtaker___popul___cps___asian"
2020,"usa","k8_4th","popul","allSchools","all","  3385000","count","2020___usa___k8_4th___popul___allSchools___all"
2020,"usa","k8_4th","popul","allSchools","black","   550000","count","2020___usa___k8_4th___popul___allSchools___black"
2020,"usa","k8_4th","popul","allSchools","hispanic","  1020000","count","2020___usa___k8_4th___popul___allSchools___hispanic"
2020,"usa","k8_4th","popul","allSchools","white","  1619000","count","2020___usa___k8_4th___popul___allSchools___white"
2020,"usa","k8_4th","popul","allSchools","asian","   196000","count","2020___usa___k8_4th___popul___allSchools___asian"
2020,"usa","k8_8th","popul","allSchools","all","  3674000","count","2020___usa___k8_8th___popul___allSchools___all"
2020,"usa","k8_8th","popul","allSchools","black","   587000","count","2020___usa___k8_8th___popul___allSchools___black"
2020,"usa","k8_8th","popul","allSchools","hispanic","  1095000","count","2020___usa___k8_8th___popul___allSchools___hispanic"
2020,"usa","k8_8th","popul","allSchools","white","  1789000","count","2020___usa___k8_8th___popul___allSchools___white"
2020,"usa","k8_8th","popul","allSchools","asian","   203000","count","2020___usa___k8_8th___popul___allSchools___asian"
2020,"usa","hs_total","popul","allSchools","all"," 14534000","count","2020___usa___hs_total___popul___allSchools___all"
2020,"usa","hs_total","popul","allSchools","black","  2241000","count","2020___usa___hs_total___popul___allSchools___black"
2020,"usa","hs_total","popul","allSchools","hispanic","  4223000","count","2020___usa___hs_total___popul___allSchools___hispanic"
2020,"usa","hs_total","popul","allSchools","white","  7230000","count","2020___usa___hs_total___popul___allSchools___white"
2020,"usa","hs_total","popul","allSchools","asian","   840000","count","2020___usa___hs_total___popul___allSchools___asian"
2020,"usa","national_total","popul","allSchools","all","319440000","count","2020___usa___national_total___popul___allSchools___all"
2020,"usa","national_total","popul","allSchools","black"," 41580000","count","2020___usa___national_total___popul___allSchools___black"
2020,"usa","national_total","popul","allSchools","hispanic"," 61380000","count","2020___usa___national_total___popul___allSchools___hispanic"
2020,"usa","national_total","popul","allSchools","white","197010000","count","2020___usa___national_total___popul___allSchools___white"
2020,"usa","national_total","popul","allSchools","asian"," 19470000","count","2020___usa___national_total___popul___allSchools___asian"
2022,"usa","age_20to64","popul","allSchools","all","185445419","count","2022___usa___age_20to64___popul___allSchools___all"
2022,"usa","age_20to64","popul","allSchools","black"," 25187271","count","2022___usa___age_20to64___popul___allSchools___black"
2022,"usa","age_20to64","popul","allSchools","hispanic"," 34381798","count","2022___usa___age_20to64___popul___allSchools___hispanic"
2022,"usa","age_20to64","popul","allSchools","white","113281506","count","2022___usa___age_20to64___popul___allSchools___white"
2022,"usa","age_20to64","popul","allSchools","asian"," 12594844","count","2022___usa___age_20to64___popul___allSchools___asian"
2021,"usa","age_18to24","popul","allSchools","all"," 28727000","count","2021___usa___age_18to24___popul___allSchools___all"
2021,"usa","age_18to24","popul","allSchools","black","  4207000","count","2021___usa___age_18to24___popul___allSchools___black"
2021,"usa","age_18to24","popul","allSchools","hispanic","  6923000","count","2021___usa___age_18to24___popul___allSchools___hispanic"
2021,"usa","age_18to24","popul","allSchools","white"," 15908000","count","2021___usa___age_18to24___popul___allSchools___white"
2021,"usa","age_18to24","popul","allSchools","asian","  1689000","count","2021___usa___age_18to24___popul___allSchools___asian"
2022,"usa","hs_grads","popul","allSchools","all","  3189180","count","2022___usa___hs_grads___popul___allSchools___all"
2022,"usa","hs_grads","popul","allSchools","black","   441620","count","2022___usa___hs_grads___popul___allSchools___black"
2022,"usa","hs_grads","popul","allSchools","hispanic","   885500","count","2022___usa___hs_grads___popul___allSchools___hispanic"
2022,"usa","hs_grads","popul","allSchools","white","  1650010","count","2022___usa___hs_grads___popul___allSchools___white"
2022,"usa","hs_grads","popul","allSchools","asian","   212050","count","2022___usa___hs_grads___popul___allSchools___asian"
2022,"region_chi_msa","degreeHolders_total","popul","allSchools","all","  2954160","count","2022___region_chi_msa___degreeHolders_total___popul___allSchools___all"
2022,"region_chi_msa","degreeHolders_total","popul","allSchools","black","   350308","count","2022___region_chi_msa___degreeHolders_total___popul___allSchools___black"
2022,"region_chi_msa","degreeHolders_total","popul","allSchools","hispanic","   255494","count","2022___region_chi_msa___degreeHolders_total___popul___allSchools___hispanic"
2022,"region_chi_msa","degreeHolders_total","popul","allSchools","white","  2007922","count","2022___region_chi_msa___degreeHolders_total___popul___allSchools___white"
2022,"region_chi_msa","degreeHolders_total","popul","allSchools","asian","   340436","count","2022___region_chi_msa___degreeHolders_total___popul___allSchools___asian"
2022,"usa","degreeHolders_total","popul","allSchools","all"," 92755068","count","2022___usa___degreeHolders_total___popul___allSchools___all"
2022,"usa","degreeHolders_total","popul","allSchools","black","  8938595","count","2022___usa___degreeHolders_total___popul___allSchools___black"
2022,"usa","degreeHolders_total","popul","allSchools","hispanic","  7991992","count","2022___usa___degreeHolders_total___popul___allSchools___hispanic"
2022,"usa","degreeHolders_total","popul","allSchools","white"," 67265010","count","2022___usa___degreeHolders_total___popul___allSchools___white"
2022,"usa","degreeHolders_total","popul","allSchools","asian","  8559471","count","2022___usa___degreeHolders_total___popul___allSchools___asian"
2017,"city_chi","hs_total","popul","cps","all","   112989","count","2017___city_chi___hs_total___popul___cps___all"
2017,"city_chi","hs_total","popul","cps","black","    45062","count","2017___city_chi___hs_total___popul___cps___black"
2017,"city_chi","hs_total","popul","cps","hispanic","    53320","count","2017___city_chi___hs_total___popul___cps___hispanic"
2017,"city_chi","hs_total","popul","cps","white","    10045","count","2017___city_chi___hs_total___popul___cps___white"
2017,"city_chi","hs_total","popul","cps","asian","     4562","count","2017___city_chi___hs_total___popul___cps___asian"
