var_yr,var_scope,var_grade,var_key,var_schoolType,var_ethnic,population,var_type,metrics_new,estimated,notes
2017,city_chi,hs,math_advc_enroll,cps,all,31802,count,2017___city_chi___hs___math_advc___cps,,
2017,city_chi,hs,math_advc_enroll,cps,black_hispanic,26227,count,2017___city_chi___hs___math_advc___cps,,
2017,city_chi,hs,math_advc_enroll,cps,white_asian,5575,count,2017___city_chi___hs___math_advc___cps,,
2017,city_chi,hs,math_advc_enroll,cps,black,10952,count,2017___city_chi___hs___math_advc___cps,,
2017,city_chi,hs,math_advc_enroll,cps,hispanic,15275,count,2017___city_chi___hs___math_advc___cps,,
2017,city_chi,hs,math_advc_enroll,cps,white,3728,count,2017___city_chi___hs___math_advc___cps,,
2017,city_chi,hs,math_advc_enroll,cps,asian,1847,count,2017___city_chi___hs___math_advc___cps,,
2017,city_chi,hs_total,popul,cps,all,112989,count,2017___city_chi___hs_total___popul___cps,,
2017,city_chi,hs_total,popul,cps,black,45062,count,2017___city_chi___hs_total___popul___cps,,
2017,city_chi,hs_total,popul,cps,hispanic,53320,count,2017___city_chi___hs_total___popul___cps,,
2017,city_chi,hs_total,popul,cps,white,10045,count,2017___city_chi___hs_total___popul___cps,,
2017,city_chi,hs_total,popul,cps,asian,4562,count,2017___city_chi___hs_total___popul___cps,,
2017,city_chi,k8_8th,math_algebra_enrol,cps,all,5749,count,2017___city_chi___k8_8th___math_algebra_enrol___cps,,
2017,city_chi,k8_8th,math_algebra_enrol,cps,black_hispanic,3916,count,2017___city_chi___k8_8th___math_algebra_enrol___cps,,
2017,city_chi,k8_8th,math_algebra_enrol,cps,white_asian,1833,count,2017___city_chi___k8_8th___math_algebra_enrol___cps,,
2017,city_chi,k8_8th,math_algebra_enrol,cps,black,1138,count,2017___city_chi___k8_8th___math_algebra_enrol___cps,,
2017,city_chi,k8_8th,math_algebra_enrol,cps,hispanic,2778,count,2017___city_chi___k8_8th___math_algebra_enrol___cps,,
2017,city_chi,k8_8th,math_algebra_enrol,cps,white,1286,count,2017___city_chi___k8_8th___math_algebra_enrol___cps,,
2017,city_chi,k8_8th,math_algebra_enrol,cps,asian,547,count,2017___city_chi___k8_8th___math_algebra_enrol___cps,,
2017,city_chi,k8_8th,math_algebra_fail,cps,all,88,count,2017___city_chi___k8_8th___math_algebra_fail___cps,,
2017,city_chi,k8_8th,math_algebra_fail,cps,black_hispanic,84,count,2017___city_chi___k8_8th___math_algebra_fail___cps,,
2017,city_chi,k8_8th,math_algebra_fail,cps,white_asian,4,count,2017___city_chi___k8_8th___math_algebra_fail___cps,,
2017,city_chi,k8_8th,math_algebra_fail,cps,black,55,count,2017___city_chi___k8_8th___math_algebra_fail___cps,,
2017,city_chi,k8_8th,math_algebra_fail,cps,hispanic,29,count,2017___city_chi___k8_8th___math_algebra_fail___cps,,
2017,city_chi,k8_8th,math_algebra_fail,cps,white,4,count,2017___city_chi___k8_8th___math_algebra_fail___cps,,
2017,city_chi,k8_8th,math_algebra_fail,cps,asian,0,count,2017___city_chi___k8_8th___math_algebra_fail___cps,,
2017,usa,hs,math_advc_enroll,NA,black,310756,count,2017___usa___hs___math_advc_enroll,,
2017,usa,hs,math_advc_enroll,NA,hispanic,501960,count,2017___usa___hs___math_advc_enroll,,
2017,usa,hs,math_advc_enroll,NA,white,1234815,count,2017___usa___hs___math_advc_enroll,,
2017,usa,hs,math_advc_enroll,NA,asian,195852,count,2017___usa___hs___math_advc_enroll,,
2017,usa,k8_8th,math_algebra_enrol,NA,black,92736,count,2017___usa___k8_8th___math_algebra_enrol,,
2017,usa,k8_8th,math_algebra_enrol,NA,hispanic,208620,count,2017___usa___k8_8th___math_algebra_enrol,,
2017,usa,k8_8th,math_algebra_enrol,NA,white,533249,count,2017___usa___k8_8th___math_algebra_enrol,,
2017,usa,k8_8th,math_algebra_enrol,NA,asian,79880,count,2017___usa___k8_8th___math_algebra_enrol,,
2019,city_chi,age_5to17,noInternet,cps,black,187129,count,2019___city_chi___k8_total___NOinternet_age5to17___cps,,
2019,city_chi,age_5to17,noInternet,cps,hispanic,144501,count,2019___city_chi___k8_total___NOinternet_age5to17___cps,,
2019,city_chi,age_5to17,noInternet,cps,white,106110,count,2019___city_chi___k8_total___NOinternet_age5to17___cps,,
2019,city_chi,age_5to17,noInternet,cps,asian,23140,count,2019___city_chi___k8_total___NOinternet_age5to17___cps,,
2019,usa,age_5to17,noInternet,NA,all,2288743,count,2019___usa___k8_total___NOinternet_age5to17,,
2019,usa,age_5to17,noInternet,NA,black_hispanic,1423107,count,2019___usa___k8_total___NOinternet_age5to17,,
2019,usa,age_5to17,noInternet,NA,white_asian,865636,count,2019___usa___k8_total___NOinternet_age5to17,,
2019,usa,age_5to17,noInternet,NA,black,517275,count,2019___usa___k8_total___NOinternet_age5to17,,
2019,usa,age_5to17,noInternet,NA,hispanic,905832,count,2019___usa___k8_total___NOinternet_age5to17,,
2019,usa,age_5to17,noInternet,NA,white,830272,count,2019___usa___k8_total___NOinternet_age5to17,,
2019,usa,age_5to17,noInternet,NA,asian,35364,count,2019___usa___k8_total___NOinternet_age5to17,,
2020,city_chi,city_total,popul,NA,all,2662000,count,2020___city_chi___city_total___popul,,
2020,city_chi,city_total,popul,NA,black,840000,count,2020___city_chi___city_total___popul,,
2020,city_chi,city_total,popul,NA,hispanic,779000,count,2020___city_chi___city_total___popul,,
2020,city_chi,city_total,popul,NA,white,878000,count,2020___city_chi___city_total___popul,,
2020,city_chi,city_total,popul,NA,asian,165000,count,2020___city_chi___city_total___popul,,
2020,state_il,col,total_confer,NA,black,6102,count,2020___state_il___col___total_confer,,
2020,state_il,col,total_confer,NA,hispanic,11594,count,2020___state_il___col___total_confer,,
2020,state_il,col,total_confer,NA,white,37224,count,2020___state_il___col___total_confer,,
2020,state_il,col,total_confer,NA,asian,6713,count,2020___state_il___col___total_confer,,
2020,state_il,col_conferred,popul,NA,all,61023,count,2020___state_il___col_conferred___popul,,
2020,state_il,hs_grads,popul,NA,all,133178,count,2020___state_il___hs_grads___popul,,
2020,state_il,hs_grads,popul,NA,black,20880,count,2020___state_il___hs_grads___popul,,
2020,state_il,hs_grads,popul,NA,hispanic,34946,count,2020___state_il___hs_grads___popul,,
2020,state_il,hs_grads,popul,NA,white,69614,count,2020___state_il___hs_grads___popul,,
2020,state_il,hs_grads,popul,NA,asian,7738,count,2020___state_il___hs_grads___popul,,
2020,usa,hs_total,popul,NA,all,14534000,count,2020___usa___hs_total___popul,,
2020,usa,hs_total,popul,NA,black,2241000,count,2020___usa___hs_total___popul,,
2020,usa,hs_total,popul,NA,hispanic,4223000,count,2020___usa___hs_total___popul,,
2020,usa,hs_total,popul,NA,white,7230000,count,2020___usa___hs_total___popul,,
2020,usa,hs_total,popul,NA,asian,840000,count,2020___usa___hs_total___popul,,
2020,usa,k8_4th,popul,NA,all,3385000,count,2020___usa___k8_4th___popul,,
2020,usa,k8_4th,popul,NA,black,550000,count,2020___usa___k8_4th___popul,,
2020,usa,k8_4th,popul,NA,hispanic,1020000,count,2020___usa___k8_4th___popul,,
2020,usa,k8_4th,popul,NA,white,1619000,count,2020___usa___k8_4th___popul,,
2020,usa,k8_4th,popul,NA,asian,196000,count,2020___usa___k8_4th___popul,,
2020,usa,k8_8th,popul,NA,all,3674000,count,2020___usa___k8_8th___popul,,
2020,usa,k8_8th,popul,NA,black,587000,count,2020___usa___k8_8th___popul,,
2020,usa,k8_8th,popul,NA,hispanic,1095000,count,2020___usa___k8_8th___popul,,
2020,usa,k8_8th,popul,NA,white,1789000,count,2020___usa___k8_8th___popul,,
2020,usa,k8_8th,popul,NA,asian,203000,count,2020___usa___k8_8th___popul,,
2020,usa,national_total,popul,NA,all,319440000,count,2020___usa___national_total___popul,,
2020,usa,national_total,popul,NA,black,41580000,count,2020___usa___national_total___popul,,
2020,usa,national_total,popul,NA,hispanic,61380000,count,2020___usa___national_total___popul,,
2020,usa,national_total,popul,NA,white,197010000,count,2020___usa___national_total___popul,,
2020,usa,national_total,popul,NA,asian,19470000,count,2020___usa___national_total___popul,,
2021,city_chi,hs,apcs_score3/4,NA,black,71,count,2021___city_chi___hs___apcs_score3/4,,
2021,city_chi,hs,apcs_score3/4,NA,hispanic,324,count,2021___city_chi___hs___apcs_score3/4,,
2021,city_chi,hs,apcs_score3/4,NA,white,434,count,2021___city_chi___hs___apcs_score3/4,,
2021,city_chi,hs,apcs_score3/4,NA,asian,209,count,2021___city_chi___hs___apcs_score3/4,,
2021,city_chi,hs,apcs_score5,cps,black,5,count,2021___city_chi___hs___apcs_score5___cps,,
2021,city_chi,hs,apcs_score5,cps,hispanic,29,count,2021___city_chi___hs___apcs_score5___cps,,
2021,city_chi,hs,apcs_score5,cps,white,131,count,2021___city_chi___hs___apcs_score5___cps,,
2021,city_chi,hs,apcs_score5,cps,asian,61,count,2021___city_chi___hs___apcs_score5___cps,,
2021,city_chi,hs,cs_interested,cps,all,9792,count,2021___city_chi___hs___cs_interested___cps,,
2021,city_chi,hs,cs_interested,cps,black_hispanic,6806,count,2021___city_chi___hs___cs_interested___cps,,
2021,city_chi,hs,cs_interested,cps,white_asian,2986,count,2021___city_chi___hs___cs_interested___cps,,
2021,city_chi,hs,cs_interested,cps,black,2054,count,2021___city_chi___hs___cs_interested___cps,,
2021,city_chi,hs,cs_interested,cps,hispanic,4752,count,2021___city_chi___hs___cs_interested___cps,,
2021,city_chi,hs,cs_interested,cps,white,1905,count,2021___city_chi___hs___cs_interested___cps,,
2021,city_chi,hs,cs_interested,cps,asian,1081,count,2021___city_chi___hs___cs_interested___cps,,
2021,city_chi,hs,dualCredit,cps,all,297,count,2021___city_chi___hs___dualCredit___cps,,
2021,city_chi,hs,dualCredit,cps,black_hispanic,273,count,2021___city_chi___hs___dualCredit___cps,,
2021,city_chi,hs,dualCredit,cps,white_asian,24,count,2021___city_chi___hs___dualCredit___cps,,
2021,city_chi,hs,dualCredit,cps,black,157,count,2021___city_chi___hs___dualCredit___cps,,
2021,city_chi,hs,dualCredit,cps,hispanic,116,count,2021___city_chi___hs___dualCredit___cps,,
2021,city_chi,hs,dualCredit,cps,white,19,count,2021___city_chi___hs___dualCredit___cps,,
2021,city_chi,hs,dualCredit,cps,asian,5,count,2021___city_chi___hs___dualCredit___cps,,
2021,city_chi,hs,mag_enrol,cps,all,15513,count,2021___city_chi___hs___mag_enrol___cps,,
2021,city_chi,hs,mag_enrol,cps,black_hispanic,13352,count,2021___city_chi___hs___mag_enrol___cps,,
2021,city_chi,hs,mag_enrol,cps,white_asian,2161,count,2021___city_chi___hs___mag_enrol___cps,,
2021,city_chi,hs,mag_enrol,cps,black,3282,count,2021___city_chi___hs___mag_enrol___cps,,
2021,city_chi,hs,mag_enrol,cps,hispanic,10070,count,2021___city_chi___hs___mag_enrol___cps,,
2021,city_chi,hs,mag_enrol,cps,white,1318,count,2021___city_chi___hs___mag_enrol___cps,,
2021,city_chi,hs,mag_enrol,cps,asian,843,count,2021___city_chi___hs___mag_enrol___cps,,
2021,city_chi,hs_SATtaker,sat_math_exceeds,cps,all,1025,count,2021___city_chi___hs___sat_math_exceeds___cps,,
2021,city_chi,hs_SATtaker,sat_math_exceeds,cps,black_hispanic,261,count,2021___city_chi___hs___sat_math_exceeds___cps,,
2021,city_chi,hs_SATtaker,sat_math_exceeds,cps,white_asian,764,count,2021___city_chi___hs___sat_math_exceeds___cps,,
2021,city_chi,hs_SATtaker,sat_math_exceeds,cps,black,55,count,2021___city_chi___hs___sat_math_exceeds___cps,,
2021,city_chi,hs_SATtaker,sat_math_exceeds,cps,hispanic,206,count,2021___city_chi___hs___sat_math_exceeds___cps,,
2021,city_chi,hs_SATtaker,sat_math_exceeds,cps,white,508,count,2021___city_chi___hs___sat_math_exceeds___cps,,
2021,city_chi,hs_SATtaker,sat_math_exceeds,cps,asian,256,count,2021___city_chi___hs___sat_math_exceeds___cps,,
2021,city_chi,hs_SATtaker,sat_math_meet&exceeds,cps,all,5081,count,2021___city_chi___hs___sat_math_meet&exceeds___cps,,
2021,city_chi,hs_SATtaker,sat_math_meet&exceeds,cps,black_hispanic,3058,count,2021___city_chi___hs___sat_math_meet&exceeds___cps,,
2021,city_chi,hs_SATtaker,sat_math_meet&exceeds,cps,white_asian,2023,count,2021___city_chi___hs___sat_math_meet&exceeds___cps,,
2021,city_chi,hs_SATtaker,sat_math_meet&exceeds,cps,black,888,count,2021___city_chi___hs___sat_math_meet&exceeds___cps,,
2021,city_chi,hs_SATtaker,sat_math_meet&exceeds,cps,hispanic,2170,count,2021___city_chi___hs___sat_math_meet&exceeds___cps,,
2021,city_chi,hs_SATtaker,sat_math_meet&exceeds,cps,white,1449,count,2021___city_chi___hs___sat_math_meet&exceeds___cps,,
2021,city_chi,hs_SATtaker,sat_math_meet&exceeds,cps,asian,574,count,2021___city_chi___hs___sat_math_meet&exceeds___cps,,
2021,city_chi,hs_apcs,popul,cps,black,412,count,2021___city_chi___hs_apcs___popul___cps,,
2021,city_chi,hs_apcs,popul,cps,hispanic,1004,count,2021___city_chi___hs_apcs___popul___cps,,
2021,city_chi,hs_apcs,popul,cps,white,627,count,2021___city_chi___hs_apcs___popul___cps,,
2021,city_chi,hs_apcs,popul,cps,asian,338,count,2021___city_chi___hs_apcs___popul___cps,,
2021,city_chi,hs_SATtaker,popul,cps,all,22636,count,2021___city_chi___hs_SATtaker___popul___cps,,
2021,city_chi,hs_SATtaker,popul,cps,black,7850,count,2021___city_chi___hs_SATtaker___popul___cps,,
2021,city_chi,hs_SATtaker,popul,cps,hispanic,11418,count,2021___city_chi___hs_SATtaker___popul___cps,,
2021,city_chi,hs_SATtaker,popul,cps,white,2278,count,2021___city_chi___hs_SATtaker___popul___cps,,
2021,city_chi,hs_SATtaker,popul,cps,asian,1090,count,2021___city_chi___hs_SATtaker___popul___cps,,
2021,city_chi,k8_4th,math_advc,cps,all,1429,count,2021___city_chi___k8_4th___math_advc___cps,,
2021,city_chi,k8_4th,math_advc,cps,black_hispanic,582,count,2021___city_chi___k8_4th___math_advc___cps,,
2021,city_chi,k8_4th,math_advc,cps,white_asian,847,count,2021___city_chi___k8_4th___math_advc___cps,,
2021,city_chi,k8_4th,math_advc,cps,black,166,count,2021___city_chi___k8_4th___math_advc___cps,,
2021,city_chi,k8_4th,math_advc,cps,hispanic,416,count,2021___city_chi___k8_4th___math_advc___cps,,
2021,city_chi,k8_4th,math_advc,cps,white,500,count,2021___city_chi___k8_4th___math_advc___cps,,
2021,city_chi,k8_4th,math_advc,cps,asian,347,count,2021___city_chi___k8_4th___math_advc___cps,,
2021,city_chi,k8_4th,math_basic,cps,all,9172,count,2021___city_chi___k8_4th___math_basic___cps,,
2021,city_chi,k8_4th,math_basic,cps,black_hispanic,8234,count,2021___city_chi___k8_4th___math_basic___cps,,
2021,city_chi,k8_4th,math_basic,cps,white_asian,938,count,2021___city_chi___k8_4th___math_basic___cps,,
2021,city_chi,k8_4th,math_basic,cps,black,3558,count,2021___city_chi___k8_4th___math_basic___cps,,
2021,city_chi,k8_4th,math_basic,cps,hispanic,4676,count,2021___city_chi___k8_4th___math_basic___cps,,
2021,city_chi,k8_4th,math_basic,cps,white,700,count,2021___city_chi___k8_4th___math_basic___cps,,
2021,city_chi,k8_4th,math_basic,cps,asian,238,count,2021___city_chi___k8_4th___math_basic___cps,,
2021,city_chi,k8_4th,math_belowBasic,cps,all,6169,count,2021___city_chi___k8_4th___math_belowBasic___cps,,
2021,city_chi,k8_4th,math_belowBasic,cps,black_hispanic,5929,count,2021___city_chi___k8_4th___math_belowBasic___cps,,
2021,city_chi,k8_4th,math_belowBasic,cps,white_asian,240,count,2021___city_chi___k8_4th___math_belowBasic___cps,,
2021,city_chi,k8_4th,math_belowBasic,cps,black,3227,count,2021___city_chi___k8_4th___math_belowBasic___cps,,
2021,city_chi,k8_4th,math_belowBasic,cps,hispanic,2702,count,2021___city_chi___k8_4th___math_belowBasic___cps,,
2021,city_chi,k8_4th,math_belowBasic,cps,white,175,count,2021___city_chi___k8_4th___math_belowBasic___cps,,
2021,city_chi,k8_4th,math_belowBasic,cps,asian,65,count,2021___city_chi___k8_4th___math_belowBasic___cps,,
2021,city_chi,k8_4th,math_prof&abov,cps,all,6910,count,2021___city_chi___k8_4th___math_prof&abov___cps,,
2021,city_chi,k8_4th,math_prof&abov,cps,black_hispanic,4504,count,2021___city_chi___k8_4th___math_prof&abov___cps,,
2021,city_chi,k8_4th,math_prof&abov,cps,white_asian,2406,count,2021___city_chi___k8_4th___math_prof&abov___cps,,
2021,city_chi,k8_4th,math_prof&abov,cps,black,1490,count,2021___city_chi___k8_4th___math_prof&abov___cps,,
2021,city_chi,k8_4th,math_prof&abov,cps,hispanic,3014,count,2021___city_chi___k8_4th___math_prof&abov___cps,,
2021,city_chi,k8_4th,math_prof&abov,cps,white,1626,count,2021___city_chi___k8_4th___math_prof&abov___cps,,
2021,city_chi,k8_4th,math_prof&abov,cps,asian,780,count,2021___city_chi___k8_4th___math_prof&abov___cps,,
2021,city_chi,k8_8th,math_advc,cps,all,1882,count,2021___city_chi___k8_8th___math_advc___cps,,
2021,city_chi,k8_8th,math_advc,cps,black_hispanic,938,count,2021___city_chi___k8_8th___math_advc___cps,,
2021,city_chi,k8_8th,math_advc,cps,white_asian,944,count,2021___city_chi___k8_8th___math_advc___cps,,
2021,city_chi,k8_8th,math_advc,cps,black,188,count,2021___city_chi___k8_8th___math_advc___cps,,
2021,city_chi,k8_8th,math_advc,cps,hispanic,750,count,2021___city_chi___k8_8th___math_advc___cps,,
2021,city_chi,k8_8th,math_advc,cps,white,565,count,2021___city_chi___k8_8th___math_advc___cps,,
2021,city_chi,k8_8th,math_advc,cps,asian,379,count,2021___city_chi___k8_8th___math_advc___cps,,
2021,city_chi,k8_8th,math_algebra_pass,cps,black,1083,count,2021___city_chi___k8_8th___math_algebra_pass___cps,,
2021,city_chi,k8_8th,math_algebra_pass,cps,hispanic,2749,count,2021___city_chi___k8_8th___math_algebra_pass___cps,,
2021,city_chi,k8_8th,math_algebra_pass,cps,white,1282,count,2021___city_chi___k8_8th___math_algebra_pass___cps,,
2021,city_chi,k8_8th,math_algebra_pass,cps,asian,547,count,2021___city_chi___k8_8th___math_algebra_pass___cps,,
2021,city_chi,k8_8th,math_basic,cps,all,9007,count,2021___city_chi___k8_8th___math_basic___cps,,
2021,city_chi,k8_8th,math_basic,cps,black_hispanic,8063,count,2021___city_chi___k8_8th___math_basic___cps,,
2021,city_chi,k8_8th,math_basic,cps,white_asian,944,count,2021___city_chi___k8_8th___math_basic___cps,,
2021,city_chi,k8_8th,math_basic,cps,black,3563,count,2021___city_chi___k8_8th___math_basic___cps,,
2021,city_chi,k8_8th,math_basic,cps,hispanic,4500,count,2021___city_chi___k8_8th___math_basic___cps,,
2021,city_chi,k8_8th,math_basic,cps,white,770,count,2021___city_chi___k8_8th___math_basic___cps,,
2021,city_chi,k8_8th,math_basic,cps,asian,174,count,2021___city_chi___k8_8th___math_basic___cps,,
2021,city_chi,k8_8th,math_belowBasic,cps,all,9514,count,2021___city_chi___k8_8th___math_belowBasic___cps,,
2021,city_chi,k8_8th,math_belowBasic,cps,black_hispanic,9032,count,2021___city_chi___k8_8th___math_belowBasic___cps,,
2021,city_chi,k8_8th,math_belowBasic,cps,white_asian,482,count,2021___city_chi___k8_8th___math_belowBasic___cps,,
2021,city_chi,k8_8th,math_belowBasic,cps,black,4407,count,2021___city_chi___k8_8th___math_belowBasic___cps,,
2021,city_chi,k8_8th,math_belowBasic,cps,hispanic,4625,count,2021___city_chi___k8_8th___math_belowBasic___cps,,
2021,city_chi,k8_8th,math_belowBasic,cps,white,359,count,2021___city_chi___k8_8th___math_belowBasic___cps,,
2021,city_chi,k8_8th,math_belowBasic,cps,asian,123,count,2021___city_chi___k8_8th___math_belowBasic___cps,,
2021,city_chi,k8_8th,math_prof&abov,cps,all,6944,count,2021___city_chi___k8_8th___math_prof&abov___cps,,
2021,city_chi,k8_8th,math_prof&abov,cps,black_hispanic,4781,count,2021___city_chi___k8_8th___math_prof&abov___cps,,
2021,city_chi,k8_8th,math_prof&abov,cps,white_asian,2163,count,2021___city_chi___k8_8th___math_prof&abov___cps,,
2021,city_chi,k8_8th,math_prof&abov,cps,black,1406,count,2021___city_chi___k8_8th___math_prof&abov___cps,,
2021,city_chi,k8_8th,math_prof&abov,cps,hispanic,3375,count,2021___city_chi___k8_8th___math_prof&abov___cps,,
2021,city_chi,k8_8th,math_prof&abov,cps,white,1437,count,2021___city_chi___k8_8th___math_prof&abov___cps,,
2021,city_chi,k8_8th,math_prof&abov,cps,asian,726,count,2021___city_chi___k8_8th___math_prof&abov___cps,,
2021,city_chi,k8_total,mag_stem_enrol,cps,all,20717,count,2021___city_chi___k8_total___mag_stem_enrol___cps,,
2021,city_chi,k8_total,mag_stem_enrol,cps,black_hispanic,17672,count,2021___city_chi___k8_total___mag_stem_enrol___cps,,
2021,city_chi,k8_total,mag_stem_enrol,cps,white_asian,2679,count,2021___city_chi___k8_total___mag_stem_enrol___cps,,
2021,city_chi,k8_total,mag_stem_enrol,cps,black,10133,count,2021___city_chi___k8_total___mag_stem_enrol___cps,,
2021,city_chi,k8_total,mag_stem_enrol,cps,hispanic,7539,count,2021___city_chi___k8_total___mag_stem_enrol___cps,,
2021,city_chi,k8_total,mag_stem_enrol,cps,white,1325,count,2021___city_chi___k8_total___mag_stem_enrol___cps,,
2021,city_chi,k8_total,mag_stem_enrol,cps,asian,1354,count,2021___city_chi___k8_total___mag_stem_enrol___cps,,
2021,college,col,t3_mellon_cs_enrol,NA,all,600,count,2021___college___col___t3_mellon_cs_enrol,,
2021,college,col,t3_mellon_cs_enrol,NA,black_hispanic,71,count,2021___college___col___t3_mellon_cs_enrol,,
2021,college,col,t3_mellon_cs_enrol,NA,white_asian,529,count,2021___college___col___t3_mellon_cs_enrol,,
2021,college,col,t3_mellon_cs_enrol,NA,black,18,count,2021___college___col___t3_mellon_cs_enrol,,
2021,college,col,t3_mellon_cs_enrol,NA,hispanic,53,count,2021___college___col___t3_mellon_cs_enrol,,
2021,college,col,t3_mellon_cs_enrol,NA,white,168,count,2021___college___col___t3_mellon_cs_enrol,,
2021,college,col,t3_mellon_cs_enrol,NA,asian,361,count,2021___college___col___t3_mellon_cs_enrol,,
2021,college,col,t3_mellon_total_enrol,NA,all,4814,count,2021___college___col___t3_mellon_total_enrol,,
2021,college,col,t3_mellon_total_enrol,NA,black_hispanic,866,count,2021___college___col___t3_mellon_total_enrol,,
2021,college,col,t3_mellon_total_enrol,NA,white_asian,3948,count,2021___college___col___t3_mellon_total_enrol,,
2021,college,col,t3_mellon_total_enrol,NA,black,255,count,2021___college___col___t3_mellon_total_enrol,,
2021,college,col,t3_mellon_total_enrol,NA,hispanic,611,count,2021___college___col___t3_mellon_total_enrol,,
2021,college,col,t3_mellon_total_enrol,NA,white,1661,count,2021___college___col___t3_mellon_total_enrol,,
2021,college,col,t3_mellon_total_enrol,NA,asian,2287,count,2021___college___col___t3_mellon_total_enrol,,
2021,college,col,t3_mit_cs_enrol,NA,all,1257,count,2021___college___col___t3_mit_cs_enrol,,
2021,college,col,t3_mit_cs_enrol,NA,black_hispanic,301,count,2021___college___col___t3_mit_cs_enrol,,
2021,college,col,t3_mit_cs_enrol,NA,white_asian,956,count,2021___college___col___t3_mit_cs_enrol,,
2021,college,col,t3_mit_cs_enrol,NA,black,75,count,2021___college___col___t3_mit_cs_enrol,,
2021,college,col,t3_mit_cs_enrol,NA,hispanic,226,count,2021___college___col___t3_mit_cs_enrol,,
2021,college,col,t3_mit_cs_enrol,NA,white,390,count,2021___college___col___t3_mit_cs_enrol,,
2021,college,col,t3_mit_cs_enrol,NA,asian,566,count,2021___college___col___t3_mit_cs_enrol,,
2021,college,col,t3_mit_total_enrol,NA,all,4156,count,2021___college___col___t3_mit_total_enrol,,
2021,college,col,t3_mit_total_enrol,NA,black_hispanic,1038,count,2021___college___col___t3_mit_total_enrol,,
2021,college,col,t3_mit_total_enrol,NA,white_asian,3118,count,2021___college___col___t3_mit_total_enrol,,
2021,college,col,t3_mit_total_enrol,NA,black,336,count,2021___college___col___t3_mit_total_enrol,,
2021,college,col,t3_mit_total_enrol,NA,hispanic,702,count,2021___college___col___t3_mit_total_enrol,,
2021,college,col,t3_mit_total_enrol,NA,white,1582,count,2021___college___col___t3_mit_total_enrol,,
2021,college,col,t3_mit_total_enrol,NA,asian,1536,count,2021___college___col___t3_mit_total_enrol,,
2021,college,col,t3_stanford_cs_enrol,NA,all,698,count,2021___college___col___t3_stanford_cs_enrol,,
2021,college,col,t3_stanford_cs_enrol,NA,black_hispanic,109,count,2021___college___col___t3_stanford_cs_enrol,,
2021,college,col,t3_stanford_cs_enrol,NA,white_asian,589,count,2021___college___col___t3_stanford_cs_enrol,,
2021,college,col,t3_stanford_cs_enrol,NA,black,43,count,2021___college___col___t3_stanford_cs_enrol,,
2021,college,col,t3_stanford_cs_enrol,NA,hispanic,66,count,2021___college___col___t3_stanford_cs_enrol,,
2021,college,col,t3_stanford_cs_enrol,NA,white,265,count,2021___college___col___t3_stanford_cs_enrol,,
2021,college,col,t3_stanford_cs_enrol,NA,asian,324,count,2021___college___col___t3_stanford_cs_enrol,,
2021,college,col,t3_stanford_total_enrol,NA,all,5963,count,2021___college___col___t3_stanford_total_enrol,,
2021,college,col,t3_stanford_total_enrol,NA,black_hispanic,1911,count,2021___college___col___t3_stanford_total_enrol,,
2021,college,col,t3_stanford_total_enrol,NA,white_asian,4052,count,2021___college___col___t3_stanford_total_enrol,,
2021,college,col,t3_stanford_total_enrol,NA,black,535,count,2021___college___col___t3_stanford_total_enrol,,
2021,college,col,t3_stanford_total_enrol,NA,hispanic,1376,count,2021___college___col___t3_stanford_total_enrol,,
2021,college,col,t3_stanford_total_enrol,NA,white,1911,count,2021___college___col___t3_stanford_total_enrol,,
2021,college,col,t3_stanford_total_enrol,NA,asian,2141,count,2021___college___col___t3_stanford_total_enrol,,
2021,region_chi_msa,emp,csjob_t11,NA,all,123681,count,2021___region_chi_msa___emp___csjob_t11,,
2021,region_chi_msa,emp,csjob_t11,NA,black_hispanic,17847,count,2021___region_chi_msa___emp___csjob_t11,,
2021,region_chi_msa,emp,csjob_t11,NA,white_asian,105834,count,2021___region_chi_msa___emp___csjob_t11,,
2021,region_chi_msa,emp,csjob_t11,NA,black,8621,count,2021___region_chi_msa___emp___csjob_t11,,
2021,region_chi_msa,emp,csjob_t11,NA,hispanic,9226,count,2021___region_chi_msa___emp___csjob_t11,,
2021,region_chi_msa,emp,csjob_t11,NA,white,72374,count,2021___region_chi_msa___emp___csjob_t11,,
2021,region_chi_msa,emp,csjob_t11,NA,asian,33460,count,2021___region_chi_msa___emp___csjob_t11,,
2021,region_chi_msa,emp,csjob_t11_age19to24,NA,all,5518,count,2021___region_chi_msa___emp___csjob_t11_age19to24,,
2021,region_chi_msa,emp,csjob_t11_age19to24,NA,black_hispanic,797,count,2021___region_chi_msa___emp___csjob_t11_age19to24,,
2021,region_chi_msa,emp,csjob_t11_age19to24,NA,white_asian,4721,count,2021___region_chi_msa___emp___csjob_t11_age19to24,,
2021,region_chi_msa,emp,csjob_t11_age19to24,NA,black,385,count,2021___region_chi_msa___emp___csjob_t11_age19to24,,
2021,region_chi_msa,emp,csjob_t11_age19to24,NA,hispanic,412,count,2021___region_chi_msa___emp___csjob_t11_age19to24,,
2021,region_chi_msa,emp,csjob_t11_age19to24,NA,white,3228,count,2021___region_chi_msa___emp___csjob_t11_age19to24,,
2021,region_chi_msa,emp,csjob_t11_age19to24,NA,asian,1493,count,2021___region_chi_msa___emp___csjob_t11_age19to24,,
2021,region_chi_msa,emp,csjob_t3,NA,all,21858,count,2021___region_chi_msa___emp___csjob_t3,,
2021,region_chi_msa,emp,csjob_t3,NA,black_hispanic,3116,count,2021___region_chi_msa___emp___csjob_t3,,
2021,region_chi_msa,emp,csjob_t3,NA,white_asian,18742,count,2021___region_chi_msa___emp___csjob_t3,,
2021,region_chi_msa,emp,csjob_t3,NA,black,1457,count,2021___region_chi_msa___emp___csjob_t3,,
2021,region_chi_msa,emp,csjob_t3,NA,hispanic,1659,count,2021___region_chi_msa___emp___csjob_t3,,
2021,region_chi_msa,emp,csjob_t3,NA,white,14664,count,2021___region_chi_msa___emp___csjob_t3,,
2021,region_chi_msa,emp,csjob_t3,NA,asian,4078,count,2021___region_chi_msa___emp___csjob_t3,,
2021,state_il,col,cs_confer,NA,black,193,count,2021___state_il___col___cs_confer,,
2021,state_il,col,cs_confer,NA,hispanic,449,count,2021___state_il___col___cs_confer,,
2021,state_il,col,cs_confer,NA,white,1439,count,2021___state_il___col___cs_confer,,
2021,state_il,col,cs_confer,NA,asian,872,count,2021___state_il___col___cs_confer,,
2021,state_il,col,cs_confer,NA,all,2953,count,2021___state_il___col___cs_confer,,
2021,state_il,col,cs_confer,NA,black_hispanic,642,count,2021___state_il___col___cs_confer,,
2021,state_il,col,cs_confer,NA,white_asian,2311,count,2021___state_il___col___cs_confer,,
2021,state_il,col,cs_enrol,NA,all,11759,count,2021___state_il___col___cs_enrol,,
2021,state_il,col,cs_enrol,NA,black_hispanic,3200,count,2021___state_il___col___cs_enrol,,
2021,state_il,col,cs_enrol,NA,white_asian,8559,count,2021___state_il___col___cs_enrol,,
2021,state_il,col,cs_enrol,NA,black,1066,count,2021___state_il___col___cs_enrol,,
2021,state_il,col,cs_enrol,NA,hispanic,2134,count,2021___state_il___col___cs_enrol,,
2021,state_il,col,cs_enrol,NA,white,5264,count,2021___state_il___col___cs_enrol,,
2021,state_il,col,cs_enrol,NA,asian,3295,count,2021___state_il___col___cs_enrol,,
2021,state_il,col,cs_persist,NA,black,193,count,2021___state_il___col___cs_persist,,
2021,state_il,col,cs_persist,NA,hispanic,448,count,2021___state_il___col___cs_persist,,
2021,state_il,col,cs_persist,NA,white,1437,count,2021___state_il___col___cs_persist,,
2021,state_il,col,cs_persist,NA,asian,873,count,2021___state_il___col___cs_persist,,
2021,usa,col,cs_persist,NA,black,8779,count,2021___state_il___col___cs_persist,,
2021,usa,col,cs_persist,NA,hispanic,12080,count,2021___state_il___col___cs_persist,,
2021,usa,col,cs_persist,NA,white,53788,count,2021___state_il___col___cs_persist,,
2021,usa,col,cs_persist,NA,asian,19466,count,2021___state_il___col___cs_persist,,
2021,state_il,col,t3_cs_persist,NA,black,19,count,2021___state_il___col___cs_persist,,
2021,state_il,col,t3_cs_persist,NA,hispanic,65,count,2021___state_il___col___cs_persist,,
2021,state_il,col,t3_cs_persist,NA,white,261,count,2021___state_il___col___cs_persist,,
2021,state_il,col,t3_cs_persist,NA,asian,376,count,2021___state_il___col___cs_persist,,
2021,usa,col,t3_cs_persist,NA,black,41,count,2021___state_il___col___cs_persist,,
2021,usa,col,t3_cs_persist,NA,hispanic,128,count,2021___state_il___col___cs_persist,,
2021,usa,col,t3_cs_persist,NA,white,486,count,2021___state_il___col___cs_persist,,
2021,usa,col,t3_cs_persist,NA,asian,376,count,2021___state_il___col___cs_persist,,
2021,state_il,col,cs3year_confer,NA,black,539,count,2021___state_il___col___cs3year_confer,,
2021,state_il,col,cs3year_confer,NA,hispanic,1227,count,2021___state_il___col___cs3year_confer,,
2021,state_il,col,cs3year_confer,NA,white,4478,count,2021___state_il___col___cs3year_confer,,
2021,state_il,col,cs3year_confer,NA,asian,2246,count,2021___state_il___col___cs3year_confer,,
2021,state_il,col,cs3year_confer,NA,all,8490,count,2021___state_il___col___cs3year_confer,,
2021,state_il,col,cs3year_confer,NA,black_hispanic,1766,count,2021___state_il___col___cs3year_confer,,
2021,state_il,col,cs3year_confer,NA,white_asian,6724,count,2021___state_il___col___cs3year_confer,,
2021,state_il,col,immediate_enrol,NA,black,8003,count,2021___state_il___col___immediate_enrol,,
2021,state_il,col,immediate_enrol,NA,hispanic,9981,count,2021___state_il___col___immediate_enrol,,
2021,state_il,col,immediate_enrol,NA,white,33489,count,2021___state_il___col___immediate_enrol,,
2021,state_il,col,immediate_enrol,NA,asian,4860,count,2021___state_il___col___immediate_enrol,,
2021,state_il,col,t3_confer,NA,black,677,count,2021___state_il___col___t3_confer,,
2021,state_il,col,t3_confer,NA,hispanic,1444,count,2021___state_il___col___t3_confer,,
2021,state_il,col,t3_confer,NA,white,5293,count,2021___state_il___col___t3_confer,,
2021,state_il,col,t3_confer,NA,asian,2349,count,2021___state_il___col___t3_confer,,
2021,state_il,col,t3_confer,NA,all,9763,count,2021___state_il___col___t3_confer,,
2021,state_il,col,t3_confer,NA,black_hispanic,2121,count,2021___state_il___col___t3_confer,,
2021,state_il,col,t3_confer,NA,white_asian,7642,count,2021___state_il___col___t3_confer,,
2021,state_il,col,t3_cs_confer,NA,all,721,count,2021___state_il___col___t3_cs_confer,,
2021,state_il,col,t3_cs_confer,NA,black_hispanic,84,count,2021___state_il___col___t3_cs_confer,,
2021,state_il,col,t3_cs_confer,NA,white_asian,637,count,2021___state_il___col___t3_cs_confer,,
2021,state_il,col,t3_cs_confer,NA,black,19,count,2021___state_il___col___t3_cs_confer,,
2021,state_il,col,t3_cs_confer,NA,hispanic,65,count,2021___state_il___col___t3_cs_confer,,
2021,state_il,col,t3_cs_confer,NA,white,261,count,2021___state_il___col___t3_cs_confer,,
2021,state_il,col,t3_cs_confer,NA,asian,376,count,2021___state_il___col___t3_cs_confer,,
2021,state_il,col,t3_cs_enrol,NA,black,97,count,2021___state_il___col___t3_cs_enrol,,
2021,state_il,col,t3_cs_enrol,NA,hispanic,283,count,2021___state_il___col___t3_cs_enrol,,
2021,state_il,col,t3_cs_enrol,NA,white,983,count,2021___state_il___col___t3_cs_enrol,,
2021,state_il,col,t3_cs_enrol,NA,asian,1841,count,2021___state_il___col___t3_cs_enrol,,
2021,state_il,col,t3_cs_enrol,NA,all,3204,count,2021___state_il___col___t3_cs_enrol,,
2021,state_il,col,t3_cs_enrol,NA,black_hispanic,380,count,2021___state_il___col___t3_cs_enrol,,
2021,state_il,col,t3_cs_enrol,NA,white_asian,2824,count,2021___state_il___col___t3_cs_enrol,,
2021,state_il,col,t3_enrol,NA,black,3059,count,2021___state_il___col___t3_enrol,,
2021,state_il,col,t3_enrol,NA,hispanic,7078,count,2021___state_il___col___t3_enrol,,
2021,state_il,col,t3_enrol,NA,white,19643,count,2021___state_il___col___t3_enrol,,
2021,state_il,col,t3_enrol,NA,asian,10623,count,2021___state_il___col___t3_enrol,,
2021,state_il,col,t3_enrol,NA,all,40403,count,2021___state_il___col___t3_enrol,,
2021,state_il,col,t3_enrol,NA,black_hispanic,10137,count,2021___state_il___col___t3_enrol,,
2021,state_il,col,t3_enrol,NA,white_asian,30266,count,2021___state_il___col___t3_enrol,,
2021,state_il,hs,apcs_enrol,NA,all,7667,count,2021___state_il___hs___apcs_enrol,,
2021,state_il,hs,apcs_enrol,NA,black_hispanic,1832,count,2021___state_il___hs___apcs_enrol,,
2021,state_il,hs,apcs_enrol,NA,white_asian,5835,count,2021___state_il___hs___apcs_enrol,,
2021,state_il,hs,apcs_enrol,NA,black,369,count,2021___state_il___hs___apcs_enrol,,
2021,state_il,hs,apcs_enrol,NA,hispanic,1463,count,2021___state_il___hs___apcs_enrol,,
2021,state_il,hs,apcs_enrol,NA,white,3674,count,2021___state_il___hs___apcs_enrol,,
2021,state_il,hs,apcs_enrol,NA,asian,2161,count,2021___state_il___hs___apcs_enrol,,
2021,state_il,hs,apcs_pass,NA,all,5720,count,2021___state_il___hs___apcs_pass,,
2021,state_il,hs,apcs_pass,NA,black_hispanic,1087,count,2021___state_il___hs___apcs_pass,,
2021,state_il,hs,apcs_pass,NA,white_asian,4633,count,2021___state_il___hs___apcs_pass,,
2021,state_il,hs,apcs_pass,NA,black,179,count,2021___state_il___hs___apcs_pass,,
2021,state_il,hs,apcs_pass,NA,hispanic,908,count,2021___state_il___hs___apcs_pass,,
2021,state_il,hs,apcs_pass,NA,white,2868,count,2021___state_il___hs___apcs_pass,,
2021,state_il,hs,apcs_pass,NA,asian,1765,count,2021___state_il___hs___apcs_pass,,
2021,state_il,hs_grads,total_grad,NA,all,133178,count,2021___state_il___hs___total_grad,,
2021,state_il,hs_grads,total_grad,NA,black_hispanic,55826,count,2021___state_il___hs___total_grad,,
2021,state_il,hs_grads,total_grad,NA,white_asian,77352,count,2021___state_il___hs___total_grad,,
2021,state_il,hs_grads,total_grad,NA,black,20880,count,2021___state_il___hs___total_grad,,
2021,state_il,hs_grads,total_grad,NA,hispanic,34946,count,2021___state_il___hs___total_grad,,
2021,state_il,hs_grads,total_grad,NA,white,69614,count,2021___state_il___hs___total_grad,,
2021,state_il,hs_grads,total_grad,NA,asian,7738,count,2021___state_il___hs___total_grad,,
2021,usa,age_18to24,popul,NA,all,28727000,count,2021___usa___age_18to24___popul,,
2021,usa,age_18to24,popul,NA,black,4207000,count,2021___usa___age_18to24___popul,,
2021,usa,age_18to24,popul,NA,hispanic,6923000,count,2021___usa___age_18to24___popul,,
2021,usa,age_18to24,popul,NA,white,15908000,count,2021___usa___age_18to24___popul,,
2021,usa,age_18to24,popul,NA,asian,1689000,count,2021___usa___age_18to24___popul,,
2021,usa,col,cs_confer,NA,black,8779,count,2021___usa___col___cs_confer,,
2021,usa,col,cs_confer,NA,hispanic,12080,count,2021___usa___col___cs_confer,,
2021,usa,col,cs_confer,NA,white,53788,count,2021___usa___col___cs_confer,,
2021,usa,col,cs_confer,NA,asian,19466,count,2021___usa___col___cs_confer,,
2021,usa,col,cs_confer,NA,all,107967,count,2021___usa___col___cs_confer,,
2021,usa,col,cs_confer,NA,black_hispanic,20859,count,2021___usa___col___cs_confer,,
2021,usa,col,cs_confer,NA,white_asian,73254,count,2021___usa___col___cs_confer,,
2021,usa,col,cs_enrol,NA,all,700000,count,2021___usa___col___cs_enrol,,
2021,usa,col,cs_enrol,NA,black_hispanic,135000,count,2021___usa___col___cs_enrol,,
2021,usa,col,cs_enrol,NA,white_asian,565000,count,2021___usa___col___cs_enrol,,
2021,usa,col,cs_enrol,NA,black,57000,count,2021___usa___col___cs_enrol,,
2021,usa,col,cs_enrol,NA,hispanic,78000,count,2021___usa___col___cs_enrol,,
2021,usa,col,cs_enrol,NA,white,350000,count,2021___usa___col___cs_enrol,,
2021,usa,col,cs_enrol,NA,asian,215000,count,2021___usa___col___cs_enrol,,
2021,usa,col,cs3year_confer,NA,all,307073,count,2021___usa___col___cs3year_confer,,
2021,usa,col,cs3year_confer,NA,black_hispanic,79385,count,2021___usa___col___cs3year_confer,,
2021,usa,col,cs3year_confer,NA,white_asian,227688,count,2021___usa___col___cs3year_confer,,
2021,usa,col,cs3year_confer,NA,black,37558,count,2021___usa___col___cs3year_confer,,
2021,usa,col,cs3year_confer,NA,hispanic,41827,count,2021___usa___col___cs3year_confer,,
2021,usa,col,cs3year_confer,NA,white,180234,count,2021___usa___col___cs3year_confer,,
2021,usa,col,cs3year_confer,NA,asian,47454,count,2021___usa___col___cs3year_confer,,
2021,usa,col,immediate_enrol,NA,black,253932,count,2021___usa___col___immediate_enrol,1,
2021,usa,col,immediate_enrol,NA,hispanic,497651,count,2021___usa___col___immediate_enrol,1,
2021,usa,col,immediate_enrol,NA,white,1072507,count,2021___usa___col___immediate_enrol,1,
2021,usa,col,immediate_enrol,NA,asian,175365,count,2021___usa___col___immediate_enrol,1,
2021,usa,hs_SATtaker,sat_math_exceeds,NA,all,234000,count,2021___usa___col___sat_math_exceeds,,
2021,usa,hs_SATtaker,sat_math_exceeds,NA,black_hispanic,33126,count,2021___usa___col___sat_math_exceeds,,
2021,usa,hs_SATtaker,sat_math_exceeds,NA,white_asian,180266,count,2021___usa___col___sat_math_exceeds,,
2021,usa,hs_SATtaker,sat_math_exceeds,NA,black,8423,count,2021___usa___col___sat_math_exceeds,,
2021,usa,hs_SATtaker,sat_math_exceeds,NA,hispanic,24703,count,2021___usa___col___sat_math_exceeds,,
2021,usa,hs_SATtaker,sat_math_exceeds,NA,white,101678,count,2021___usa___col___sat_math_exceeds,,
2021,usa,hs_SATtaker,sat_math_exceeds,NA,asian,78588,count,2021___usa___col___sat_math_exceeds,,
2021,usa,hs_SATtaker,sat_math_meet&exceeds,NA,all,658332,count,2021___usa___col___sat_math_meet&exceeds,,
2021,usa,hs_SATtaker,sat_math_meet&exceeds,NA,black_hispanic,144612,count,2021___usa___col___sat_math_meet&exceeds,,
2021,usa,hs_SATtaker,sat_math_meet&exceeds,NA,white_asian,513720,count,2021___usa___col___sat_math_meet&exceeds,,
2021,usa,hs_SATtaker,sat_math_meet&exceeds,NA,black,38744,count,2021___usa___col___sat_math_meet&exceeds,,
2021,usa,hs_SATtaker,sat_math_meet&exceeds,NA,hispanic,105868,count,2021___usa___col___sat_math_meet&exceeds,,
2021,usa,hs_SATtaker,sat_math_meet&exceeds,NA,white,374937,count,2021___usa___col___sat_math_meet&exceeds,,
2021,usa,hs_SATtaker,sat_math_meet&exceeds,NA,asian,138783,count,2021___usa___col___sat_math_meet&exceeds,,
2021,usa,col,t3_confer,NA,all,3487,count,2021___usa___col___t3_confer,,
2021,usa,col,t3_confer,NA,black_hispanic,792,count,2021___usa___col___t3_confer,,
2021,usa,col,t3_confer,NA,white_asian,2695,count,2021___usa___col___t3_confer,,
2021,usa,col,t3_confer,NA,black,231,count,2021___usa___col___t3_confer,,
2021,usa,col,t3_confer,NA,hispanic,561,count,2021___usa___col___t3_confer,,
2021,usa,col,t3_confer,NA,white,1541,count,2021___usa___col___t3_confer,,
2021,usa,col,t3_confer,NA,asian,1154,count,2021___usa___col___t3_confer,,
2021,usa,col,t3_cs_confer,NA,all,1031,count,2021___usa___col___t3_cs_confer,,
2021,usa,col,t3_cs_confer,NA,black_hispanic,169,count,2021___usa___col___t3_cs_confer,,
2021,usa,col,t3_cs_confer,NA,white_asian,862,count,2021___usa___col___t3_cs_confer,,
2021,usa,col,t3_cs_confer,NA,black,41,count,2021___usa___col___t3_cs_confer,,
2021,usa,col,t3_cs_confer,NA,hispanic,128,count,2021___usa___col___t3_cs_confer,,
2021,usa,col,t3_cs_confer,NA,white,486,count,2021___usa___col___t3_cs_confer,,
2021,usa,col,t3_cs_confer,NA,asian,376,count,2021___usa___col___t3_cs_confer,,
2021,usa,col,t3_cs_enrol,NA,all,2555,count,2021___usa___col___t3_cs_enrol,,
2021,usa,col,t3_cs_enrol,NA,black_hispanic,481,count,2021___usa___col___t3_cs_enrol,,
2021,usa,col,t3_cs_enrol,NA,white_asian,2074,count,2021___usa___col___t3_cs_enrol,,
2021,usa,col,t3_cs_enrol,NA,black,136,count,2021___usa___col___t3_cs_enrol,,
2021,usa,col,t3_cs_enrol,NA,hispanic,345,count,2021___usa___col___t3_cs_enrol,,
2021,usa,col,t3_cs_enrol,NA,white,823,count,2021___usa___col___t3_cs_enrol,,
2021,usa,col,t3_cs_enrol,NA,asian,1251,count,2021___usa___col___t3_cs_enrol,,
2021,usa,col,t3_enrol,NA,all,14933,count,2021___usa___col___t3_enrol,,
2021,usa,col,t3_enrol,NA,black_hispanic,3815,count,2021___usa___col___t3_enrol,,
2021,usa,col,t3_enrol,NA,white_asian,11118,count,2021___usa___col___t3_enrol,,
2021,usa,col,t3_enrol,NA,black,1126,count,2021___usa___col___t3_enrol,,
2021,usa,col,t3_enrol,NA,hispanic,2689,count,2021___usa___col___t3_enrol,,
2021,usa,col,t3_enrol,NA,white,5154,count,2021___usa___col___t3_enrol,,
2021,usa,col,t3_enrol,NA,asian,5964,count,2021___usa___col___t3_enrol,,
2021,usa,col,total_confer,NA,all,2039431,count,2021___usa___col___total_confer,,
2021,usa,col,total_confer,NA,black_hispanic,500059,count,2021___usa___col___total_confer,,
2021,usa,col,total_confer,NA,white_asian,1341021,count,2021___usa___col___total_confer,,
2021,usa,col,total_confer,NA,black,197444,count,2021___usa___col___total_confer,,
2021,usa,col,total_confer,NA,hispanic,302615,count,2021___usa___col___total_confer,,
2021,usa,col,total_confer,NA,white,1183959,count,2021___usa___col___total_confer,,
2021,usa,col,total_confer,NA,asian,157062,count,2021___usa___col___total_confer,,
2021,usa,col,total_enrol,NA,all,3483705.5,count,2021___usa___col___total_enrol,1,
2021,usa,col,total_enrol,NA,black_hispanic,1280461.75,count,2021___usa___col___total_enrol,1,
2021,usa,col,total_enrol,NA,white_asian,2203243.75,count,2021___usa___col___total_enrol,1,
2021,usa,col,total_enrol,NA,black,475288,count,2021___usa___col___total_enrol,1,
2021,usa,col,total_enrol,NA,hispanic,805174,count,2021___usa___col___total_enrol,1,
2021,usa,col,total_enrol,NA,white,1937954,count,2021___usa___col___total_enrol,1,
2021,usa,col,total_enrol,NA,asian,265290,count,2021___usa___col___total_enrol,1,
2021,usa,col,total_enrol,NA,black,0.575,prob,2021___usa___col___total_enrol,,
2021,usa,col,total_enrol,NA,hispanic,0.562,prob,2021___usa___col___total_enrol,,
2021,usa,col,total_enrol,NA,white,0.65,prob,2021___usa___col___total_enrol,,
2021,usa,col,total_enrol,NA,asian,0.827,prob,2021___usa___col___total_enrol,,
2021,usa,emp,csjob_t11,NA,all,5049583,count,2021___usa___emp___csjob_t11,,
2021,usa,emp,csjob_t11,NA,black_hispanic,802956,count,2021___usa___emp___csjob_t11,,
2021,usa,emp,csjob_t11,NA,white_asian,4246627,count,2021___usa___emp___csjob_t11,,
2021,usa,emp,csjob_t11,NA,black,401798,count,2021___usa___emp___csjob_t11,,
2021,usa,emp,csjob_t11,NA,hispanic,401158,count,2021___usa___emp___csjob_t11,,
2021,usa,emp,csjob_t11,NA,white,3117300,count,2021___usa___emp___csjob_t11,,
2021,usa,emp,csjob_t11,NA,asian,1129327,count,2021___usa___emp___csjob_t11,,
2021,usa,emp,csjob_t11_age19to24,NA,all,176364,count,2021___usa___emp___csjob_t11_age19to24,,
2021,usa,emp,csjob_t11_age19to24,NA,black_hispanic,25568,count,2021___usa___emp___csjob_t11_age19to24,,
2021,usa,emp,csjob_t11_age19to24,NA,white_asian,150796,count,2021___usa___emp___csjob_t11_age19to24,,
2021,usa,emp,csjob_t11_age19to24,NA,black,12939,count,2021___usa___emp___csjob_t11_age19to24,,
2021,usa,emp,csjob_t11_age19to24,NA,hispanic,12629,count,2021___usa___emp___csjob_t11_age19to24,,
2021,usa,emp,csjob_t11_age19to24,NA,white,106699,count,2021___usa___emp___csjob_t11_age19to24,,
2021,usa,emp,csjob_t11_age19to24,NA,asian,44097,count,2021___usa___emp___csjob_t11_age19to24,,
2021,usa,emp,csjob_t3,NA,all,678685,count,2021___usa___emp___csjob_t3,,
2021,usa,emp,csjob_t3,NA,black_hispanic,99185,count,2021___usa___emp___csjob_t3,,
2021,usa,emp,csjob_t3,NA,white_asian,579500,count,2021___usa___emp___csjob_t3,,
2021,usa,emp,csjob_t3,NA,black,48317,count,2021___usa___emp___csjob_t3,,
2021,usa,emp,csjob_t3,NA,hispanic,50868,count,2021___usa___emp___csjob_t3,,
2021,usa,emp,csjob_t3,NA,white,451767,count,2021___usa___emp___csjob_t3,,
2021,usa,emp,csjob_t3,NA,asian,127733,count,2021___usa___emp___csjob_t3,,
2021,usa,hs,apcs_enrol,NA,all,179188,count,2021___usa___hs___apcs_enrol,,
2021,usa,hs,apcs_enrol,NA,black_hispanic,38371,count,2021___usa___hs___apcs_enrol,,
2021,usa,hs,apcs_enrol,NA,white_asian,123108,count,2021___usa___hs___apcs_enrol,,
2021,usa,hs,apcs_enrol,NA,black,10163,count,2021___usa___hs___apcs_enrol,,
2021,usa,hs,apcs_enrol,NA,hispanic,28208,count,2021___usa___hs___apcs_enrol,,
2021,usa,hs,apcs_enrol,NA,white,76508,count,2021___usa___hs___apcs_enrol,,
2021,usa,hs,apcs_enrol,NA,asian,46600,count,2021___usa___hs___apcs_enrol,,
2021,usa,hs,apcs_pass,NA,all,114024,count,2021___usa___hs___apcs_pass,,
2021,usa,hs,apcs_pass,NA,black_hispanic,21547,count,2021___usa___hs___apcs_pass,,
2021,usa,hs,apcs_pass,NA,white_asian,92477,count,2021___usa___hs___apcs_pass,,
2021,usa,hs,apcs_pass,NA,black,5050,count,2021___usa___hs___apcs_pass,,
2021,usa,hs,apcs_pass,NA,hispanic,16497,count,2021___usa___hs___apcs_pass,,
2021,usa,hs,apcs_pass,NA,white,54718,count,2021___usa___hs___apcs_pass,,
2021,usa,hs,apcs_pass,NA,asian,37759,count,2021___usa___hs___apcs_pass,,
2021,usa,hs,apcs_score3/4,NA,all,25637,count,2021___usa___hs___apcs_score3/4,,
2021,usa,hs,apcs_score3/4,NA,black_hispanic,3006,count,2021___usa___hs___apcs_score3/4,,
2021,usa,hs,apcs_score3/4,NA,white_asian,22631,count,2021___usa___hs___apcs_score3/4,,
2021,usa,hs,apcs_score3/4,NA,black,5050,count,2021___usa___hs___apcs_score3/4,,
2021,usa,hs,apcs_score3/4,NA,hispanic,16497,count,2021___usa___hs___apcs_score3/4,,
2021,usa,hs,apcs_score3/4,NA,white,54718,count,2021___usa___hs___apcs_score3/4,,
2021,usa,hs,apcs_score3/4,NA,asian,37759,count,2021___usa___hs___apcs_score3/4,,
2021,usa,hs,apcs_score5,NA,all,88387,count,2021___usa___hs___apcs_score5,,
2021,usa,hs,apcs_score5,NA,black_hispanic,18541,count,2021___usa___hs___apcs_score5,,
2021,usa,hs,apcs_score5,NA,white_asian,69846,count,2021___usa___hs___apcs_score5,,
2021,usa,hs,apcs_score5,NA,black,559,count,2021___usa___hs___apcs_score5,,
2021,usa,hs,apcs_score5,NA,hispanic,2447,count,2021___usa___hs___apcs_score5,,
2021,usa,hs,apcs_score5,NA,white,11498,count,2021___usa___hs___apcs_score5,,
2021,usa,hs,apcs_score5,NA,asian,11133,count,2021___usa___hs___apcs_score5,,
2021,usa,hs,cs_classOffered,NA,all,0.0078,prob,2021___usa___hs___cs_classOffered,,
2021,usa,hs,cs_classOffered,NA,black_hispanic,0.0149,prob,2021___usa___hs___cs_classOffered,,
2021,usa,hs,cs_classOffered,NA,white_asian,0.0168,prob,2021___usa___hs___cs_classOffered,,
2021,usa,hs,cs_classOffered,NA,black,0.0073,prob,2021___usa___hs___cs_classOffered,,
2021,usa,hs,cs_classOffered,NA,hispanic,0.0076,prob,2021___usa___hs___cs_classOffered,,
2021,usa,hs,cs_classOffered,NA,white,0.0079,prob,2021___usa___hs___cs_classOffered,,
2021,usa,hs,cs_classOffered,NA,asian,0.0089,prob,2021___usa___hs___cs_classOffered,,
2021,usa,hs,cs_interested,NA,all,100285,count,2021___usa___hs___cs_interested,,
2021,usa,hs,cs_interested,NA,black,15015,count,2021___usa___hs___cs_interested,,
2021,usa,hs,cs_interested,NA,hispanic,28716,count,2021___usa___hs___cs_interested,,
2021,usa,hs,cs_interested,NA,white,50610,count,2021___usa___hs___cs_interested,,
2021,usa,hs,cs_interested,NA,asian,6636,count,2021___usa___hs___cs_interested,,
2021,usa,hs_apcs,popul,NA,black,10163,count,2021___usa___hs_apcs___popul,,
2021,usa,hs_apcs,popul,NA,hispanic,28208,count,2021___usa___hs_apcs___popul,,
2021,usa,hs_apcs,popul,NA,white,76508,count,2021___usa___hs_apcs___popul,,
2021,usa,hs_apcs,popul,NA,asian,46600,count,2021___usa___hs_apcs___popul,,
2021,usa,hs_SATtaker,popul,NA,all,1323242,count,2021___usa___hs_SATtaker___popul,,
2021,usa,hs_SATtaker,popul,NA,black,168454,count,2021___usa___hs_SATtaker___popul,,
2021,usa,hs_SATtaker,popul,NA,hispanic,352894,count,2021___usa___hs_SATtaker___popul,,
2021,usa,hs_SATtaker,popul,NA,white,635486,count,2021___usa___hs_SATtaker___popul,,
2021,usa,hs_SATtaker,popul,NA,asian,167208,count,2021___usa___hs_SATtaker___popul,,
2021,usa,k8_4th,cs_classOffered,NA,all,0.0038,prob,2021___usa___k8_4th___cs_classOffered,,
2021,usa,k8_4th,cs_classOffered,NA,black_hispanic,0.0061,prob,2021___usa___k8_4th___cs_classOffered,,
2021,usa,k8_4th,cs_classOffered,NA,white_asian,0.0079,prob,2021___usa___k8_4th___cs_classOffered,,
2021,usa,k8_4th,cs_classOffered,NA,black,0.0026,prob,2021___usa___k8_4th___cs_classOffered,,
2021,usa,k8_4th,cs_classOffered,NA,hispanic,0.0035,prob,2021___usa___k8_4th___cs_classOffered,,
2021,usa,k8_4th,cs_classOffered,NA,white,0.0036,prob,2021___usa___k8_4th___cs_classOffered,,
2021,usa,k8_4th,cs_classOffered,NA,asian,0.0043,prob,2021___usa___k8_4th___cs_classOffered,,
2021,usa,k8_4th,math_advc,NA,all,319000,count,2021___usa___k8_4th___math_advc,,
2021,usa,k8_4th,math_advc,NA,black_hispanic,45000,count,2021___usa___k8_4th___math_advc,,
2021,usa,k8_4th,math_advc,NA,white_asian,274000,count,2021___usa___k8_4th___math_advc,,
2021,usa,k8_4th,math_advc,NA,black,12000,count,2021___usa___k8_4th___math_advc,,
2021,usa,k8_4th,math_advc,NA,hispanic,33000,count,2021___usa___k8_4th___math_advc,,
2021,usa,k8_4th,math_advc,NA,white,216000,count,2021___usa___k8_4th___math_advc,,
2021,usa,k8_4th,math_advc,NA,asian,58000,count,2021___usa___k8_4th___math_advc,,
2021,usa,k8_4th,math_prof&abov,NA,all,1504000,count,2021___usa___k8_4th___math_prof&abov,,
2021,usa,k8_4th,math_prof&abov,NA,black_hispanic,428000,count,2021___usa___k8_4th___math_prof&abov,,
2021,usa,k8_4th,math_prof&abov,NA,white_asian,1076000,count,2021___usa___k8_4th___math_prof&abov,,
2021,usa,k8_4th,math_prof&abov,NA,black,120000,count,2021___usa___k8_4th___math_prof&abov,,
2021,usa,k8_4th,math_prof&abov,NA,hispanic,308000,count,2021___usa___k8_4th___math_prof&abov,,
2021,usa,k8_4th,math_prof&abov,NA,white,936000,count,2021___usa___k8_4th___math_prof&abov,,
2021,usa,k8_4th,math_prof&abov,NA,asian,140000,count,2021___usa___k8_4th___math_prof&abov,,
2021,usa,k8_5to8th,cs_interested,NA,all,0.0053,prob,2021___usa___k8_5to8th___cs_interested,,
2021,usa,k8_5to8th,cs_interested,NA,black_hispanic,0.0103,prob,2021___usa___k8_5to8th___cs_interested,,
2021,usa,k8_5to8th,cs_interested,NA,white_asian,0.0115,prob,2021___usa___k8_5to8th___cs_interested,,
2021,usa,k8_5to8th,cs_interested,NA,black,0.0051,prob,2021___usa___k8_5to8th___cs_interested,,
2021,usa,k8_5to8th,cs_interested,NA,hispanic,0.0052,prob,2021___usa___k8_5to8th___cs_interested,,
2021,usa,k8_5to8th,cs_interested,NA,white,0.0054,prob,2021___usa___k8_5to8th___cs_interested,,
2021,usa,k8_5to8th,cs_interested,NA,asian,0.0061,prob,2021___usa___k8_5to8th___cs_interested,,
2021,usa,k8_8th,math_advc,NA,all,344200,count,2021___usa___k8_8th___math_advc,,
2021,usa,k8_8th,math_advc,NA,black_hispanic,44200,count,2021___usa___k8_8th___math_advc,,
2021,usa,k8_8th,math_advc,NA,white_asian,300000,count,2021___usa___k8_8th___math_advc,,
2021,usa,k8_8th,math_advc,NA,black,11200,count,2021___usa___k8_8th___math_advc,,
2021,usa,k8_8th,math_advc,NA,hispanic,33000,count,2021___usa___k8_8th___math_advc,,
2021,usa,k8_8th,math_advc,NA,white,234000,count,2021___usa___k8_8th___math_advc,,
2021,usa,k8_8th,math_advc,NA,asian,66000,count,2021___usa___k8_8th___math_advc,,
2021,usa,k8_8th,math_algebra_pass,NA,black,62252,count,2021___usa___k8_8th___math_algebra_pass,,
2021,usa,k8_8th,math_algebra_pass,NA,hispanic,85510,count,2021___usa___k8_8th___math_algebra_pass,,
2021,usa,k8_8th,math_algebra_pass,NA,white,380133,count,2021___usa___k8_8th___math_algebra_pass,,
2021,usa,k8_8th,math_algebra_pass,NA,asian,49157,count,2021___usa___k8_8th___math_algebra_pass,,
2021,usa,k8_8th,math_prof&abov,NA,all,1183800,count,2021___usa___k8_8th___math_prof&abov,,
2021,usa,k8_8th,math_prof&abov,NA,black_hispanic,281800,count,2021___usa___k8_8th___math_prof&abov,,
2021,usa,k8_8th,math_prof&abov,NA,white_asian,902000,count,2021___usa___k8_8th___math_prof&abov,,
2021,usa,k8_8th,math_prof&abov,NA,black,72800,count,2021___usa___k8_8th___math_prof&abov,,
2021,usa,k8_8th,math_prof&abov,NA,hispanic,209000,count,2021___usa___k8_8th___math_prof&abov,,
2021,usa,k8_8th,math_prof&abov,NA,white,774000,count,2021___usa___k8_8th___math_prof&abov,,
2021,usa,k8_8th,math_prof&abov,NA,asian,128000,count,2021___usa___k8_8th___math_prof&abov,,
2022,city_chi,age_5to17,popul,cps,black,776467,count,2022___city_chi___age_5to17__popul___cps,,
2022,city_chi,age_5to17,popul,cps,white,899235,count,2022___city_chi___age_5to17__popul___cps,,
2022,city_chi,age_5to17,popul,cps,asian,182202,count,2022___city_chi___age_5to17__popul___cps,,
2022,city_chi,age_5to17,popul,cps,hispanic,772735,count,2022___city_chi___age_5to17__popul___cps,,
2022,city_chi,hs_10th,popul,cps,all,26053,count,2022___city_chi___hs_10th___popul___cps,,
2022,city_chi,hs_10th,popul,cps,black,9608,count,2022___city_chi___hs_10th___popul___cps,,
2022,city_chi,hs_10th,popul,cps,hispanic,13039,count,2022___city_chi___hs_10th___popul___cps,,
2022,city_chi,hs_10th,popul,cps,white,2404,count,2022___city_chi___hs_10th___popul___cps,,
2022,city_chi,hs_10th,popul,cps,asian,1002,count,2022___city_chi___hs_10th___popul___cps,,
2022,city_chi,hs_11th,popul,cps,all,26118,count,2022___city_chi___hs_11th___popul___cps,,
2022,city_chi,hs_11th,popul,cps,black,9535,count,2022___city_chi___hs_11th___popul___cps,,
2022,city_chi,hs_11th,popul,cps,hispanic,12869,count,2022___city_chi___hs_11th___popul___cps,,
2022,city_chi,hs_11th,popul,cps,white,2623,count,2022___city_chi___hs_11th___popul___cps,,
2022,city_chi,hs_11th,popul,cps,asian,1091,count,2022___city_chi___hs_11th___popul___cps,,
2022,city_chi,hs_12th,popul,cps,all,24694,count,2022___city_chi___hs_12th___popul___cps,,
2022,city_chi,hs_12th,popul,cps,black,8775,count,2022___city_chi___hs_12th___popul___cps,,
2022,city_chi,hs_12th,popul,cps,hispanic,12397,count,2022___city_chi___hs_12th___popul___cps,,
2022,city_chi,hs_12th,popul,cps,white,2391,count,2022___city_chi___hs_12th___popul___cps,,
2022,city_chi,hs_12th,popul,cps,asian,1131,count,2022___city_chi___hs_12th___popul___cps,,
2022,city_chi,hs_9th,popul,cps,all,25552,count,2022___city_chi___hs_9th___popul___cps,,
2022,city_chi,hs_9th,popul,cps,black,9285,count,2022___city_chi___hs_9th___popul___cps,,
2022,city_chi,hs_9th,popul,cps,hispanic,12923,count,2022___city_chi___hs_9th___popul___cps,,
2022,city_chi,hs_9th,popul,cps,white,2306,count,2022___city_chi___hs_9th___popul___cps,,
2022,city_chi,hs_9th,popul,cps,asian,1038,count,2022___city_chi___hs_9th___popul___cps,,
2022,city_chi,hs_total,popul,cps,all,102417,count,2022___city_chi___hs_total___popul___cps,,
2022,city_chi,hs_total,popul,cps,black,37203,count,2022___city_chi___hs_total___popul___cps,,
2022,city_chi,hs_total,popul,cps,hispanic,51228,count,2022___city_chi___hs_total___popul___cps,,
2022,city_chi,hs_total,popul,cps,white,9724,count,2022___city_chi___hs_total___popul___cps,,
2022,city_chi,hs_total,popul,cps,asian,4262,count,2022___city_chi___hs_total___popul___cps,,
2022,city_chi,k8_4th,popul,cps,all,22252,count,2022___city_chi___k8_4th___popul___cps,,
2022,city_chi,k8_4th,popul,cps,black,8275,count,2022___city_chi___k8_4th___popul___cps,,
2022,city_chi,k8_4th,popul,cps,hispanic,10392,count,2022___city_chi___k8_4th___popul___cps,,
2022,city_chi,k8_4th,popul,cps,white,2501,count,2022___city_chi___k8_4th___popul___cps,,
2022,city_chi,k8_4th,popul,cps,asian,1084,count,2022___city_chi___k8_4th___popul___cps,,
2022,city_chi,k8_8th,popul,cps,all,25465,count,2022___city_chi___k8_8th___popul___cps,,
2022,city_chi,k8_8th,popul,cps,black,9376,count,2022___city_chi___k8_8th___popul___cps,,
2022,city_chi,k8_8th,popul,cps,hispanic,12500,count,2022___city_chi___k8_8th___popul___cps,,
2022,city_chi,k8_8th,popul,cps,white,2566,count,2022___city_chi___k8_8th___popul___cps,,
2022,city_chi,k8_8th,popul,cps,asian,1023,count,2022___city_chi___k8_8th___popul___cps,,
2022,city_chi,k8_total,popul,cps,all,205654,count,2022___city_chi___k8_total___popul___cps,,
2022,city_chi,k8_total,popul,cps,black,76478,count,2022___city_chi___k8_total___popul___cps,,
2022,city_chi,k8_total,popul,cps,hispanic,95809,count,2022___city_chi___k8_total___popul___cps,,
2022,city_chi,k8_total,popul,cps,white,23965,count,2022___city_chi___k8_total___popul___cps,,
2022,city_chi,k8_total,popul,cps,asian,9402,count,2022___city_chi___k8_total___popul___cps,,
2022,region_chi_msa,age_20to64,popul,NA,all,5438637,count,2022___region_chi_msa___age_20to64___popul,,
2022,region_chi_msa,age_20to64,popul,NA,black,905408,count,2022___region_chi_msa___age_20to64___popul,,
2022,region_chi_msa,age_20to64,popul,NA,hispanic,1212984,count,2022___region_chi_msa___age_20to64___popul,,
2022,region_chi_msa,age_20to64,popul,NA,white,2888593,count,2022___region_chi_msa___age_20to64___popul,,
2022,region_chi_msa,age_20to64,popul,NA,asian,431652,count,2022___region_chi_msa___age_20to64___popul,,
2022,region_chi_msa,emp,total_degree_holder,NA,all,2954160,count,2022___region_chi_msa___emp___total_degree_holder,,
2022,region_chi_msa,emp,total_degree_holder,NA,black,350308,count,2022___region_chi_msa___emp___total_degree_holder,,
2022,region_chi_msa,emp,total_degree_holder,NA,hispanic,255494,count,2022___region_chi_msa___emp___total_degree_holder,,
2022,region_chi_msa,emp,total_degree_holder,NA,white,2007922,count,2022___region_chi_msa___emp___total_degree_holder,,
2022,region_chi_msa,emp,total_degree_holder,NA,asian,340436,count,2022___region_chi_msa___emp___total_degree_holder,,
2022,state_il,age_18to24,popul,NA,all,1151971,count,2022___state_il___age_18to24___popul,,
2022,state_il,age_18to24,popul,NA,black,185882,count,2022___state_il___age_18to24___popul,,
2022,state_il,age_18to24,popul,NA,hispanic,261730,count,2022___state_il___age_18to24___popul,,
2022,state_il,age_18to24,popul,NA,white,633474,count,2022___state_il___age_18to24___popul,,
2022,state_il,age_18to24,popul,NA,asian,70885,count,2022___state_il___age_18to24___popul,,
2022,state_il,col,total_enrol,NA,black,27966,count,2022___state_il___col___total_enrol,,
2022,state_il,col,total_enrol,NA,hispanic,51271,count,2022___state_il___col___total_enrol,,
2022,state_il,col,total_enrol,NA,white,130509,count,2022___state_il___col___total_enrol,,
2022,state_il,col,total_enrol,NA,asian,23305,count,2022___state_il___col___total_enrol,,
2022,state_il,col,total_enrol,NA,all,233051,count,2022___state_il___col___total_enrol,,
2022,state_il,hs_12th,popul,NA,all,139687,count,2022___state_il___hs_12th___popul,,
2022,state_il,hs_12th,popul,NA,black,24193,count,2022___state_il___hs_12th___popul,,
2022,state_il,hs_12th,popul,NA,hispanic,39877,count,2022___state_il___hs_12th___popul,,
2022,state_il,hs_12th,popul,NA,white,68100,count,2022___state_il___hs_12th___popul,,
2022,state_il,hs_12th,popul,NA,asian,7517,count,2022___state_il___hs_12th___popul,,
2022,state_il,hs_total,popul,NA,all,572429,count,2022___state_il___hs_total___popul,,
2022,state_il,hs_total,popul,NA,black,99141,count,2022___state_il___hs_total___popul,,
2022,state_il,hs_total,popul,NA,hispanic,163414,count,2022___state_il___hs_total___popul,,
2022,state_il,hs_total,popul,NA,white,279068,count,2022___state_il___hs_total___popul,,
2022,state_il,hs_total,popul,NA,asian,30806,count,2022___state_il___hs_total___popul,,
2022,usa,age_20to64,popul,NA,all,185445419,count,2022___usa___age_20to64___popul,,
2022,usa,age_20to64,popul,NA,black,25187271,count,2022___usa___age_20to64___popul,,
2022,usa,age_20to64,popul,NA,hispanic,34381798,count,2022___usa___age_20to64___popul,,
2022,usa,age_20to64,popul,NA,white,113281506,count,2022___usa___age_20to64___popul,,
2022,usa,age_20to64,popul,NA,asian,12594844,count,2022___usa___age_20to64___popul,,
2022,usa,age_5to17,popul,NA,black,6897000,count,2022___usa___age_5to17__popul,,
2022,usa,age_5to17,popul,NA,hispanic,13128000,count,2022___usa___age_5to17__popul,,
2022,usa,age_5to17,popul,NA,white,25946000,count,2022___usa___age_5to17__popul,,
2022,usa,age_5to17,popul,NA,asian,2526000,count,2022___usa___age_5to17__popul,,
2022,usa,emp,total_degree_holder,NA,all,92755068,count,2022___usa___emp___total_degree_holder,,
2022,usa,emp,total_degree_holder,NA,black,8938595,count,2022___usa___emp___total_degree_holder,,
2022,usa,emp,total_degree_holder,NA,hispanic,7991992,count,2022___usa___emp___total_degree_holder,,
2022,usa,emp,total_degree_holder,NA,white,67265010,count,2022___usa___emp___total_degree_holder,,
2022,usa,emp,total_degree_holder,NA,asian,8559471,count,2022___usa___emp___total_degree_holder,,
2022,usa,hs_grads,total_grad,NA,all,3189180,count,2022___usa___hs_grads___popul,,
2022,usa,hs_grads,total_grad,NA,black,441620,count,2022___usa___hs_grads___popul,,
2022,usa,hs_grads,total_grad,NA,hispanic,885500,count,2022___usa___hs_grads___popul,,
2022,usa,hs_grads,total_grad,NA,white,1650010,count,2022___usa___hs_grads___popul,,
2022,usa,hs_grads,total_grad,NA,asian,212050,count,2022___usa___hs_grads___popul,,
